id_registro,nro_factura,fecha_venta,tipo_venta,cedula_cliente,nombres_cliente,apellidos_cliente,telefono_cliente,correo_cliente,provincia_cliente,fecha_nacimiento_cliente,cedula_empleado,nombres_empleado,apellidos_empleado,cargo_empleado,rol_empleado,telefono_empleado,correo_empleado,nombre_producto,tipo_producto,categoria_producto,talla,color,precio_unitario,nombre_proveedor,pais_proveedor,tipo_proveedor,telefono_proveedor,correo_proveedor,cantidad,subtotal_linea,nombre_promocion,porcentaje_descuento,descuento_linea,iva_linea,total_linea,stock_antes,stock_despues,tipo_movimiento,motivo_movimiento,tiene_devolucion,fecha_devolucion,cantidad_devolucion,motivo_devolucion,tiene_queja,tipo_queja,descripcion_queja,estado_queja
1,1001,2026-06-01,Mayorista,1710000000,Juan,Perez,0930000000,juan.perez@gmail.com,Pichincha,1985-01-01,1710000001,Carlos,Mena,Vendedor,Vendedor,0991000001,carlos.mena@calzadotoapanta.com,Zapato escolar negro,Nacional,Escolar,36,Negro,35.0,Calzado Andino S.A.,Ecuador,Nacional,022345001,ventas@calzadoandino.com,7,245.0,Sin promocion,0,0.0,36.75,281.75,120,113,Salida,Venta factura 1001,Si,2026-06-02,1,Cambio de color,No,,,
2,1001,2026-06-01,Mayorista,1710000000,Juan,Perez,0930000000,juan.perez@gmail.com,Pichincha,1985-01-01,1710000001,Carlos,Mena,Vendedor,Vendedor,0991000001,carlos.mena@calzadotoapanta.com,Zapato escolar cafe,Nacional,Escolar,37,Cafe,36.5,Calzado Andino S.A.,Ecuador,Nacional,022345001,ventas@calzadoandino.com,7,255.5,Sin promocion,0,0.0,38.32,293.82,120,113,Salida,Venta factura 1001,Si,2026-06-08,1,No cumple expectativa,No,,,
3,1001,2026-06-01,Mayorista,1710000000,Juan,Perez,0930000000,juan.perez@gmail.com,Pichincha,1985-01-01,1710000001,Carlos,Mena,Vendedor,Vendedor,0991000001,carlos.mena@calzadotoapanta.com,Zapatilla deportiva blanca,Importado,Deportivo,38,Blanco,48.5,SportStep Import,Peru,Internacional,022345008,contacto@sportstep.com,5,242.5,Sin promocion,0,0.0,36.38,278.88,120,115,Salida,Venta factura 1001,Si,2026-06-02,1,No cumple expectativa,No,,,
4,1001,2026-06-01,Mayorista,1710000000,Juan,Perez,0930000000,juan.perez@gmail.com,Pichincha,1985-01-01,1710000001,Carlos,Mena,Vendedor,Vendedor,0991000001,carlos.mena@calzadotoapanta.com,Zapatilla running azul,Importado,Deportivo,40,Azul,55.0,SportStep Import,Peru,Internacional,022345008,contacto@sportstep.com,5,275.0,Sin promocion,0,0.0,41.25,316.25,120,115,Salida,Venta factura 1001,Si,2026-06-05,1,Producto equivocado,No,,,
5,1002,2026-06-02,Minorista,1810000001,Maria,Lopez,0930000001,maria.lopez@gmail.com,Guayas,1986-02-02,1710000002,Ana,Torres,Cajera,Cajero,0991000002,ana.torres@calzadotoapanta.com,Sandalia casual mujer,Nacional,Sandalias,36,Beige,28.0,Sandalias Costa Ecuador,Ecuador,Nacional,022345010,info@sandaliascosta.com,1,28.0,Escolar 10%,10,2.8,3.78,28.98,120,119,Salida,Venta factura 1002,Si,2026-06-03,1,Talla incorrecta,No,,,
6,1002,2026-06-02,Minorista,1810000001,Maria,Lopez,0930000001,maria.lopez@gmail.com,Guayas,1986-02-02,1710000002,Ana,Torres,Cajera,Cajero,0991000002,ana.torres@calzadotoapanta.com,Sandalia playera hombre,Nacional,Sandalias,41,Negro,25.0,Sandalias Costa Ecuador,Ecuador,Nacional,022345010,info@sandaliascosta.com,2,50.0,Escolar 10%,10,5.0,6.75,51.75,120,118,Salida,Venta factura 1002,Si,2026-06-08,1,Defecto de fabrica,No,,,
7,1002,2026-06-02,Minorista,1810000001,Maria,Lopez,0930000001,maria.lopez@gmail.com,Guayas,1986-02-02,1710000002,Ana,Torres,Cajera,Cajero,0991000002,ana.torres@calzadotoapanta.com,Zapato formal hombre,Nacional,Formal,40,Negro,60.0,Cuero Ecuador Cia. Ltda.,Ecuador,Nacional,022345003,info@cueroecuador.com,2,120.0,Escolar 10%,10,12.0,16.2,124.2,120,118,Salida,Venta factura 1002,Si,2026-06-03,1,Producto equivocado,No,,,
8,1002,2026-06-02,Minorista,1810000001,Maria,Lopez,0930000001,maria.lopez@gmail.com,Guayas,1986-02-02,1710000002,Ana,Torres,Cajera,Cajero,0991000002,ana.torres@calzadotoapanta.com,Zapato formal mujer,Importado,Formal,37,Rojo,62.0,Formal Shoes Premium,Brasil,Internacional,022345009,ventas@formalpremium.com,2,124.0,Escolar 10%,10,12.4,16.74,128.34,120,118,Salida,Venta factura 1002,Si,2026-06-07,1,No cumple expectativa,No,,,
9,1003,2026-06-03,Minorista,1910000002,Carlos,Andrade,0930000002,carlos.andrade@gmail.com,Azuay,1987-03-03,1710000003,Andrea,Salazar,Gerente Comercial,Gerente,0991000003,andrea.salazar@calzadotoapanta.com,Botin cuero cafe,Nacional,Botas,41,Cafe,75.0,Botas Sierra Norte,Ecuador,Nacional,022345007,info@botassierranorte.com,2,150.0,Black Friday 15%,15,22.5,19.12,146.62,120,118,Salida,Venta factura 1003,Si,2026-06-10,1,Defecto de fabrica,No,,,
10,1003,2026-06-03,Minorista,1910000002,Carlos,Andrade,0930000002,carlos.andrade@gmail.com,Azuay,1987-03-03,1710000003,Andrea,Salazar,Gerente Comercial,Gerente,0991000003,andrea.salazar@calzadotoapanta.com,Bota industrial punta acero,Nacional,Industrial,42,Negro,85.0,Seguridad Total Shoes,Ecuador,Nacional,022345005,contacto@seguridadtotal.com,2,170.0,Black Friday 15%,15,25.5,21.68,166.18,120,118,Salida,Venta factura 1003,Si,2026-06-05,1,Defecto de fabrica,Si,Sugerencia,El cliente reporta inconveniente con el producto.,Resuelta
11,1003,2026-06-03,Minorista,1910000002,Carlos,Andrade,0930000002,carlos.andrade@gmail.com,Azuay,1987-03-03,1710000003,Andrea,Salazar,Gerente Comercial,Gerente,0991000003,andrea.salazar@calzadotoapanta.com,Mocasin hombre,Importado,Formal,40,Azul,58.0,Formal Shoes Premium,Brasil,Internacional,022345009,ventas@formalpremium.com,3,174.0,Black Friday 15%,15,26.1,22.18,170.08,120,117,Salida,Venta factura 1003,Si,2026-06-08,1,No cumple expectativa,Si,Reclamo,El cliente sugiere nuevas promociones.,Resuelta
12,1003,2026-06-03,Minorista,1910000002,Carlos,Andrade,0930000002,carlos.andrade@gmail.com,Azuay,1987-03-03,1710000003,Andrea,Salazar,Gerente Comercial,Gerente,0991000003,andrea.salazar@calzadotoapanta.com,Tacon negro,Importado,Formal,36,Negro,65.0,Moda Latina Calzado,Colombia,Internacional,022345006,ventas@modalatina.com,2,130.0,Black Friday 15%,15,19.5,16.57,127.07,120,118,Salida,Venta factura 1003,Si,2026-06-06,1,Cambio de color,Si,Otro,El cliente indica demora en la entrega.,En proceso
13,1004,2026-06-04,Minorista,2010000003,Ana,Torres,0930000003,ana.torres@gmail.com,Manabi,1988-04-04,1710000004,Luis,Vera,Vendedor,Vendedor,0991000004,luis.vera@calzadotoapanta.com,Botin mujer beige,Importado,Botas,37,Beige,72.0,Moda Latina Calzado,Colombia,Internacional,022345006,ventas@modalatina.com,2,144.0,Cliente frecuente 8%,8,11.52,19.87,152.35,120,118,Salida,Venta factura 1004,Si,2026-06-09,1,Defecto de fabrica,Si,Sugerencia,El cliente solicita mas variedad de tallas.,Resuelta
14,1004,2026-06-04,Minorista,2010000003,Ana,Torres,0930000003,ana.torres@gmail.com,Manabi,1988-04-04,1710000004,Luis,Vera,Vendedor,Vendedor,0991000004,luis.vera@calzadotoapanta.com,Zapato casual urbano,Nacional,Casual,39,Gris,45.0,Distribuidora Guayaquil Shoes,Ecuador,Nacional,022345004,ventas@guayaquilshoes.com,3,135.0,Cliente frecuente 8%,8,10.8,18.63,142.83,120,117,Salida,Venta factura 1004,Si,2026-06-10,1,Producto equivocado,Si,Sugerencia,El cliente sugiere nuevas promociones.,Pendiente
15,1004,2026-06-04,Minorista,2010000003,Ana,Torres,0930000003,ana.torres@gmail.com,Manabi,1988-04-04,1710000004,Luis,Vera,Vendedor,Vendedor,0991000004,luis.vera@calzadotoapanta.com,Tenis juvenil rojo,Importado,Deportivo,38,Rojo,50.0,Importadora Oriental Shoes,China,Internacional,022345002,contacto@orientalshoes.com,3,150.0,Cliente frecuente 8%,8,12.0,20.7,158.7,120,117,Salida,Venta factura 1004,Si,2026-06-07,1,Defecto de fabrica,Si,Sugerencia,El cliente indica demora en la entrega.,Resuelta
16,1004,2026-06-04,Minorista,2010000003,Ana,Torres,0930000003,ana.torres@gmail.com,Manabi,1988-04-04,1710000004,Luis,Vera,Vendedor,Vendedor,0991000004,luis.vera@calzadotoapanta.com,Zapato infantil luces,Importado,Infantil,30,Azul,42.0,Importadora Oriental Shoes,China,Internacional,022345002,contacto@orientalshoes.com,2,84.0,Cliente frecuente 8%,8,6.72,11.59,88.87,120,118,Salida,Venta factura 1004,Si,2026-06-11,1,Talla incorrecta,Si,Otro,El cliente reporta inconveniente con el producto.,Pendiente
17,1005,2026-06-05,Minorista,2110000004,Luis,Zambrano,0930000004,luis.zambrano@gmail.com,Tungurahua,1989-05-05,1710000005,Mateo,Paredes,Vendedor,Vendedor,0991000005,mateo.paredes@calzadotoapanta.com,Bota lluvia nino,Nacional,Infantil,31,Amarillo,32.0,Botas Sierra Norte,Ecuador,Nacional,022345007,info@botassierranorte.com,2,64.0,Promocion deportiva 12%,12,7.68,8.45,64.77,120,118,Salida,Venta factura 1005,Si,2026-06-11,1,Producto equivocado,Si,Sugerencia,El cliente solicita mas variedad de tallas.,Resuelta
18,1005,2026-06-05,Minorista,2110000004,Luis,Zambrano,0930000004,luis.zambrano@gmail.com,Tungurahua,1989-05-05,1710000005,Mateo,Paredes,Vendedor,Vendedor,0991000005,mateo.paredes@calzadotoapanta.com,Alpargata tradicional,Nacional,Casual,39,Blanco,26.0,Distribuidora Guayaquil Shoes,Ecuador,Nacional,022345004,ventas@guayaquilshoes.com,3,78.0,Promocion deportiva 12%,12,9.36,10.3,78.94,120,117,Salida,Venta factura 1005,Si,2026-06-07,1,Cambio de color,Si,Otro,El cliente indica demora en la entrega.,Resuelta
19,1005,2026-06-05,Minorista,2110000004,Luis,Zambrano,0930000004,luis.zambrano@gmail.com,Tungurahua,1989-05-05,1710000005,Mateo,Paredes,Vendedor,Vendedor,0991000005,mateo.paredes@calzadotoapanta.com,Zapato ejecutivo cuero,Nacional,Formal,42,Cafe,90.0,Cuero Ecuador Cia. Ltda.,Ecuador,Nacional,022345003,info@cueroecuador.com,2,180.0,Promocion deportiva 12%,12,21.6,23.76,182.16,120,118,Salida,Venta factura 1005,Si,2026-06-06,1,Talla incorrecta,Si,Sugerencia,El cliente reporta inconveniente con el producto.,Resuelta
20,1005,2026-06-05,Minorista,2110000004,Luis,Zambrano,0930000004,luis.zambrano@gmail.com,Tungurahua,1989-05-05,1710000005,Mateo,Paredes,Vendedor,Vendedor,0991000005,mateo.paredes@calzadotoapanta.com,Zapatilla training negra,Importado,Deportivo,41,Negro,59.0,SportStep Import,Peru,Internacional,022345008,contacto@sportstep.com,1,59.0,Promocion deportiva 12%,12,7.08,7.79,59.71,120,119,Salida,Venta factura 1005,Si,2026-06-09,1,Defecto de fabrica,Si,Sugerencia,El cliente solicita mejorar los tiempos de atencion.,Pendiente
21,1006,2026-06-06,Mayorista,2210000005,Andrea,Salazar,0930000005,andrea.salazar@gmail.com,Loja,1990-06-06,1710000006,Gabriela,Guerrero,Cajera,Cajero,0991000006,gabriela.guerrero@calzadotoapanta.com,Zapato escolar negro,Nacional,Escolar,36,Negro,35.0,Calzado Andino S.A.,Ecuador,Nacional,022345001,ventas@calzadoandino.com,8,280.0,Liquidacion 20%,20,56.0,33.6,257.6,113,105,Salida,Venta factura 1006,No,,,,No,,,
22,1006,2026-06-06,Mayorista,2210000005,Andrea,Salazar,0930000005,andrea.salazar@gmail.com,Loja,1990-06-06,1710000006,Gabriela,Guerrero,Cajera,Cajero,0991000006,gabriela.guerrero@calzadotoapanta.com,Zapato escolar cafe,Nacional,Escolar,37,Cafe,36.5,Calzado Andino S.A.,Ecuador,Nacional,022345001,ventas@calzadoandino.com,3,109.5,Liquidacion 20%,20,21.9,13.14,100.74,113,110,Salida,Venta factura 1006,No,,,,No,,,
23,1006,2026-06-06,Mayorista,2210000005,Andrea,Salazar,0930000005,andrea.salazar@gmail.com,Loja,1990-06-06,1710000006,Gabriela,Guerrero,Cajera,Cajero,0991000006,gabriela.guerrero@calzadotoapanta.com,Zapatilla deportiva blanca,Importado,Deportivo,38,Blanco,48.5,SportStep Import,Peru,Internacional,022345008,contacto@sportstep.com,8,388.0,Liquidacion 20%,20,77.6,46.56,356.96,115,107,Salida,Venta factura 1006,No,,,,No,,,
24,1006,2026-06-06,Mayorista,2210000005,Andrea,Salazar,0930000005,andrea.salazar@gmail.com,Loja,1990-06-06,1710000006,Gabriela,Guerrero,Cajera,Cajero,0991000006,gabriela.guerrero@calzadotoapanta.com,Zapatilla running azul,Importado,Deportivo,40,Azul,55.0,SportStep Import,Peru,Internacional,022345008,contacto@sportstep.com,5,275.0,Liquidacion 20%,20,55.0,33.0,253.0,115,110,Salida,Venta factura 1006,No,,,,No,,,
25,1007,2026-06-07,Minorista,2310000006,Pedro,Mena,0930000006,pedro.mena@gmail.com,Imbabura,1991-07-07,1710000007,Ricardo,Castro,Administrador,Administrador,0991000007,ricardo.castro@calzadotoapanta.com,Sandalia casual mujer,Nacional,Sandalias,36,Beige,28.0,Sandalias Costa Ecuador,Ecuador,Nacional,022345010,info@sandaliascosta.com,1,28.0,Cyber Monday 18%,18,5.04,3.44,26.4,119,118,Salida,Venta factura 1007,No,,,,No,,,
26,1007,2026-06-07,Minorista,2310000006,Pedro,Mena,0930000006,pedro.mena@gmail.com,Imbabura,1991-07-07,1710000007,Ricardo,Castro,Administrador,Administrador,0991000007,ricardo.castro@calzadotoapanta.com,Sandalia playera hombre,Nacional,Sandalias,41,Negro,25.0,Sandalias Costa Ecuador,Ecuador,Nacional,022345010,info@sandaliascosta.com,1,25.0,Cyber Monday 18%,18,4.5,3.07,23.57,118,117,Salida,Venta factura 1007,No,,,,No,,,
27,1007,2026-06-07,Minorista,2310000006,Pedro,Mena,0930000006,pedro.mena@gmail.com,Imbabura,1991-07-07,1710000007,Ricardo,Castro,Administrador,Administrador,0991000007,ricardo.castro@calzadotoapanta.com,Zapato formal hombre,Nacional,Formal,40,Negro,60.0,Cuero Ecuador Cia. Ltda.,Ecuador,Nacional,022345003,info@cueroecuador.com,3,180.0,Cyber Monday 18%,18,32.4,22.14,169.74,118,115,Salida,Venta factura 1007,No,,,,No,,,
28,1007,2026-06-07,Minorista,2310000006,Pedro,Mena,0930000006,pedro.mena@gmail.com,Imbabura,1991-07-07,1710000007,Ricardo,Castro,Administrador,Administrador,0991000007,ricardo.castro@calzadotoapanta.com,Zapato formal mujer,Importado,Formal,37,Rojo,62.0,Formal Shoes Premium,Brasil,Internacional,022345009,ventas@formalpremium.com,3,186.0,Cyber Monday 18%,18,33.48,22.88,175.4,118,115,Salida,Venta factura 1007,No,,,,No,,,
29,1008,2026-06-08,Minorista,1710000007,Camila,Vera,0930000007,camila.vera@gmail.com,El Oro,1992-08-08,1710000008,Paula,Reyes,Auditor Interno,Auditor,0991000008,paula.reyes@calzadotoapanta.com,Botin cuero cafe,Nacional,Botas,41,Cafe,75.0,Botas Sierra Norte,Ecuador,Nacional,022345007,info@botassierranorte.com,1,75.0,Descuento mayorista 10%,10,7.5,10.12,77.62,118,117,Salida,Venta factura 1008,No,,,,No,,,
30,1008,2026-06-08,Minorista,1710000007,Camila,Vera,0930000007,camila.vera@gmail.com,El Oro,1992-08-08,1710000008,Paula,Reyes,Auditor Interno,Auditor,0991000008,paula.reyes@calzadotoapanta.com,Bota industrial punta acero,Nacional,Industrial,42,Negro,85.0,Seguridad Total Shoes,Ecuador,Nacional,022345005,contacto@seguridadtotal.com,1,85.0,Descuento mayorista 10%,10,8.5,11.47,87.97,118,117,Salida,Venta factura 1008,No,,,,No,,,
31,1008,2026-06-08,Minorista,1710000007,Camila,Vera,0930000007,camila.vera@gmail.com,El Oro,1992-08-08,1710000008,Paula,Reyes,Auditor Interno,Auditor,0991000008,paula.reyes@calzadotoapanta.com,Mocasin hombre,Importado,Formal,40,Azul,58.0,Formal Shoes Premium,Brasil,Internacional,022345009,ventas@formalpremium.com,3,174.0,Descuento mayorista 10%,10,17.4,23.49,180.09,117,114,Salida,Venta factura 1008,No,,,,No,,,
32,1008,2026-06-08,Minorista,1710000007,Camila,Vera,0930000007,camila.vera@gmail.com,El Oro,1992-08-08,1710000008,Paula,Reyes,Auditor Interno,Auditor,0991000008,paula.reyes@calzadotoapanta.com,Tacon negro,Importado,Formal,36,Negro,65.0,Moda Latina Calzado,Colombia,Internacional,022345006,ventas@modalatina.com,1,65.0,Descuento mayorista 10%,10,6.5,8.78,67.28,118,117,Salida,Venta factura 1008,No,,,,No,,,
33,1009,2026-06-09,Minorista,1810000008,Jose,Cedeno,0930000008,jose.cedeno@gmail.com,Cotopaxi,1993-09-09,1710000009,Diego,Herrera,Encargado de Inventario,Administrador,0991000009,diego.herrera@calzadotoapanta.com,Botin mujer beige,Importado,Botas,37,Beige,72.0,Moda Latina Calzado,Colombia,Internacional,022345006,ventas@modalatina.com,1,72.0,Promocion sandalias 7%,7,5.04,10.04,77.0,118,117,Salida,Venta factura 1009,No,,,,No,,,
34,1009,2026-06-09,Minorista,1810000008,Jose,Cedeno,0930000008,jose.cedeno@gmail.com,Cotopaxi,1993-09-09,1710000009,Diego,Herrera,Encargado de Inventario,Administrador,0991000009,diego.herrera@calzadotoapanta.com,Zapato casual urbano,Nacional,Casual,39,Gris,45.0,Distribuidora Guayaquil Shoes,Ecuador,Nacional,022345004,ventas@guayaquilshoes.com,1,45.0,Promocion sandalias 7%,7,3.15,6.28,48.13,117,116,Salida,Venta factura 1009,No,,,,No,,,
35,1009,2026-06-09,Minorista,1810000008,Jose,Cedeno,0930000008,jose.cedeno@gmail.com,Cotopaxi,1993-09-09,1710000009,Diego,Herrera,Encargado de Inventario,Administrador,0991000009,diego.herrera@calzadotoapanta.com,Tenis juvenil rojo,Importado,Deportivo,38,Rojo,50.0,Importadora Oriental Shoes,China,Internacional,022345002,contacto@orientalshoes.com,3,150.0,Promocion sandalias 7%,7,10.5,20.93,160.43,117,114,Salida,Venta factura 1009,No,,,,No,,,
36,1009,2026-06-09,Minorista,1810000008,Jose,Cedeno,0930000008,jose.cedeno@gmail.com,Cotopaxi,1993-09-09,1710000009,Diego,Herrera,Encargado de Inventario,Administrador,0991000009,diego.herrera@calzadotoapanta.com,Zapato infantil luces,Importado,Infantil,30,Azul,42.0,Importadora Oriental Shoes,China,Internacional,022345002,contacto@orientalshoes.com,2,84.0,Promocion sandalias 7%,7,5.88,11.72,89.84,118,116,Salida,Venta factura 1009,No,,,,No,,,
37,1010,2026-06-10,Minorista,1910000009,Daniela,Paredes,0930000009,daniela.paredes@gmail.com,Chimborazo,1994-10-10,1710000010,Lucia,Morales,Vendedora,Vendedor,0991000010,lucia.morales@calzadotoapanta.com,Bota lluvia nino,Nacional,Infantil,31,Amarillo,32.0,Botas Sierra Norte,Ecuador,Nacional,022345007,info@botassierranorte.com,2,64.0,Temporada formal 5%,5,3.2,9.12,69.92,118,116,Salida,Venta factura 1010,No,,,,No,,,
38,1010,2026-06-10,Minorista,1910000009,Daniela,Paredes,0930000009,daniela.paredes@gmail.com,Chimborazo,1994-10-10,1710000010,Lucia,Morales,Vendedora,Vendedor,0991000010,lucia.morales@calzadotoapanta.com,Alpargata tradicional,Nacional,Casual,39,Blanco,26.0,Distribuidora Guayaquil Shoes,Ecuador,Nacional,022345004,ventas@guayaquilshoes.com,1,26.0,Temporada formal 5%,5,1.3,3.7,28.4,117,116,Salida,Venta factura 1010,No,,,,No,,,
39,1010,2026-06-10,Minorista,1910000009,Daniela,Paredes,0930000009,daniela.paredes@gmail.com,Chimborazo,1994-10-10,1710000010,Lucia,Morales,Vendedora,Vendedor,0991000010,lucia.morales@calzadotoapanta.com,Zapato ejecutivo cuero,Nacional,Formal,42,Cafe,90.0,Cuero Ecuador Cia. Ltda.,Ecuador,Nacional,022345003,info@cueroecuador.com,1,90.0,Temporada formal 5%,5,4.5,12.82,98.32,118,117,Salida,Venta factura 1010,No,,,,No,,,
40,1010,2026-06-10,Minorista,1910000009,Daniela,Paredes,0930000009,daniela.paredes@gmail.com,Chimborazo,1994-10-10,1710000010,Lucia,Morales,Vendedora,Vendedor,0991000010,lucia.morales@calzadotoapanta.com,Zapatilla training negra,Importado,Deportivo,41,Negro,59.0,SportStep Import,Peru,Internacional,022345008,contacto@sportstep.com,1,59.0,Temporada formal 5%,5,2.95,8.41,64.46,119,118,Salida,Venta factura 1010,No,,,,No,,,
41,1011,2026-06-11,Mayorista,2010000010,Miguel,Gomez,0930000010,miguel.gomez@gmail.com,Pichincha,1995-11-11,1710000001,Carlos,Mena,Vendedor,Vendedor,0991000001,carlos.mena@calzadotoapanta.com,Zapato escolar negro,Nacional,Escolar,36,Negro,35.0,Calzado Andino S.A.,Ecuador,Nacional,022345001,ventas@calzadoandino.com,8,280.0,Sin promocion,0,0.0,42.0,322.0,105,97,Salida,Venta factura 1011,No,,,,No,,,
42,1011,2026-06-11,Mayorista,2010000010,Miguel,Gomez,0930000010,miguel.gomez@gmail.com,Pichincha,1995-11-11,1710000001,Carlos,Mena,Vendedor,Vendedor,0991000001,carlos.mena@calzadotoapanta.com,Zapato escolar cafe,Nacional,Escolar,37,Cafe,36.5,Calzado Andino S.A.,Ecuador,Nacional,022345001,ventas@calzadoandino.com,4,146.0,Sin promocion,0,0.0,21.9,167.9,110,106,Salida,Venta factura 1011,No,,,,No,,,
43,1011,2026-06-11,Mayorista,2010000010,Miguel,Gomez,0930000010,miguel.gomez@gmail.com,Pichincha,1995-11-11,1710000001,Carlos,Mena,Vendedor,Vendedor,0991000001,carlos.mena@calzadotoapanta.com,Zapatilla deportiva blanca,Importado,Deportivo,38,Blanco,48.5,SportStep Import,Peru,Internacional,022345008,contacto@sportstep.com,5,242.5,Sin promocion,0,0.0,36.38,278.88,107,102,Salida,Venta factura 1011,No,,,,No,,,
44,1011,2026-06-11,Mayorista,2010000010,Miguel,Gomez,0930000010,miguel.gomez@gmail.com,Pichincha,1995-11-11,1710000001,Carlos,Mena,Vendedor,Vendedor,0991000001,carlos.mena@calzadotoapanta.com,Zapatilla running azul,Importado,Deportivo,40,Azul,55.0,SportStep Import,Peru,Internacional,022345008,contacto@sportstep.com,6,330.0,Sin promocion,0,0.0,49.5,379.5,110,104,Salida,Venta factura 1011,No,,,,No,,,
45,1012,2026-06-12,Minorista,2110000011,Sofia,Castro,0930000011,sofia.castro@gmail.com,Guayas,1996-12-12,1710000002,Ana,Torres,Cajera,Cajero,0991000002,ana.torres@calzadotoapanta.com,Sandalia casual mujer,Nacional,Sandalias,36,Beige,28.0,Sandalias Costa Ecuador,Ecuador,Nacional,022345010,info@sandaliascosta.com,1,28.0,Escolar 10%,10,2.8,3.78,28.98,118,117,Salida,Venta factura 1012,No,,,,No,,,
46,1012,2026-06-12,Minorista,2110000011,Sofia,Castro,0930000011,sofia.castro@gmail.com,Guayas,1996-12-12,1710000002,Ana,Torres,Cajera,Cajero,0991000002,ana.torres@calzadotoapanta.com,Sandalia playera hombre,Nacional,Sandalias,41,Negro,25.0,Sandalias Costa Ecuador,Ecuador,Nacional,022345010,info@sandaliascosta.com,1,25.0,Escolar 10%,10,2.5,3.38,25.88,117,116,Salida,Venta factura 1012,No,,,,No,,,
47,1012,2026-06-12,Minorista,2110000011,Sofia,Castro,0930000011,sofia.castro@gmail.com,Guayas,1996-12-12,1710000002,Ana,Torres,Cajera,Cajero,0991000002,ana.torres@calzadotoapanta.com,Zapato formal hombre,Nacional,Formal,40,Negro,60.0,Cuero Ecuador Cia. Ltda.,Ecuador,Nacional,022345003,info@cueroecuador.com,1,60.0,Escolar 10%,10,6.0,8.1,62.1,115,114,Salida,Venta factura 1012,No,,,,No,,,
48,1012,2026-06-12,Minorista,2110000011,Sofia,Castro,0930000011,sofia.castro@gmail.com,Guayas,1996-12-12,1710000002,Ana,Torres,Cajera,Cajero,0991000002,ana.torres@calzadotoapanta.com,Zapato formal mujer,Importado,Formal,37,Rojo,62.0,Formal Shoes Premium,Brasil,Internacional,022345009,ventas@formalpremium.com,1,62.0,Escolar 10%,10,6.2,8.37,64.17,115,114,Salida,Venta factura 1012,No,,,,No,,,
49,1013,2026-06-13,Minorista,2210000012,Jorge,Morales,0930000012,jorge.morales@gmail.com,Azuay,1997-01-13,1710000003,Andrea,Salazar,Gerente Comercial,Gerente,0991000003,andrea.salazar@calzadotoapanta.com,Botin cuero cafe,Nacional,Botas,41,Cafe,75.0,Botas Sierra Norte,Ecuador,Nacional,022345007,info@botassierranorte.com,3,225.0,Black Friday 15%,15,33.75,28.69,219.94,117,114,Salida,Venta factura 1013,No,,,,No,,,
50,1013,2026-06-13,Minorista,2210000012,Jorge,Morales,0930000012,jorge.morales@gmail.com,Azuay,1997-01-13,1710000003,Andrea,Salazar,Gerente Comercial,Gerente,0991000003,andrea.salazar@calzadotoapanta.com,Bota industrial punta acero,Nacional,Industrial,42,Negro,85.0,Seguridad Total Shoes,Ecuador,Nacional,022345005,contacto@seguridadtotal.com,1,85.0,Black Friday 15%,15,12.75,10.84,83.09,117,116,Salida,Venta factura 1013,No,,,,No,,,
51,1013,2026-06-13,Minorista,2210000012,Jorge,Morales,0930000012,jorge.morales@gmail.com,Azuay,1997-01-13,1710000003,Andrea,Salazar,Gerente Comercial,Gerente,0991000003,andrea.salazar@calzadotoapanta.com,Mocasin hombre,Importado,Formal,40,Azul,58.0,Formal Shoes Premium,Brasil,Internacional,022345009,ventas@formalpremium.com,1,58.0,Black Friday 15%,15,8.7,7.39,56.69,114,113,Salida,Venta factura 1013,No,,,,No,,,
52,1013,2026-06-13,Minorista,2210000012,Jorge,Morales,0930000012,jorge.morales@gmail.com,Azuay,1997-01-13,1710000003,Andrea,Salazar,Gerente Comercial,Gerente,0991000003,andrea.salazar@calzadotoapanta.com,Tacon negro,Importado,Formal,36,Negro,65.0,Moda Latina Calzado,Colombia,Internacional,022345006,ventas@modalatina.com,3,195.0,Black Friday 15%,15,29.25,24.86,190.61,117,114,Salida,Venta factura 1013,No,,,,No,,,
53,1014,2026-06-14,Minorista,2310000013,Valeria,Herrera,0930000013,valeria.herrera@gmail.com,Manabi,1998-02-14,1710000004,Luis,Vera,Vendedor,Vendedor,0991000004,luis.vera@calzadotoapanta.com,Botin mujer beige,Importado,Botas,37,Beige,72.0,Moda Latina Calzado,Colombia,Internacional,022345006,ventas@modalatina.com,2,144.0,Cliente frecuente 8%,8,11.52,19.87,152.35,117,115,Salida,Venta factura 1014,No,,,,No,,,
54,1014,2026-06-14,Minorista,2310000013,Valeria,Herrera,0930000013,valeria.herrera@gmail.com,Manabi,1998-02-14,1710000004,Luis,Vera,Vendedor,Vendedor,0991000004,luis.vera@calzadotoapanta.com,Zapato casual urbano,Nacional,Casual,39,Gris,45.0,Distribuidora Guayaquil Shoes,Ecuador,Nacional,022345004,ventas@guayaquilshoes.com,1,45.0,Cliente frecuente 8%,8,3.6,6.21,47.61,116,115,Salida,Venta factura 1014,No,,,,No,,,
55,1014,2026-06-14,Minorista,2310000013,Valeria,Herrera,0930000013,valeria.herrera@gmail.com,Manabi,1998-02-14,1710000004,Luis,Vera,Vendedor,Vendedor,0991000004,luis.vera@calzadotoapanta.com,Tenis juvenil rojo,Importado,Deportivo,38,Rojo,50.0,Importadora Oriental Shoes,China,Internacional,022345002,contacto@orientalshoes.com,1,50.0,Cliente frecuente 8%,8,4.0,6.9,52.9,114,113,Salida,Venta factura 1014,No,,,,No,,,
56,1014,2026-06-14,Minorista,2310000013,Valeria,Herrera,0930000013,valeria.herrera@gmail.com,Manabi,1998-02-14,1710000004,Luis,Vera,Vendedor,Vendedor,0991000004,luis.vera@calzadotoapanta.com,Zapato infantil luces,Importado,Infantil,30,Azul,42.0,Importadora Oriental Shoes,China,Internacional,022345002,contacto@orientalshoes.com,1,42.0,Cliente frecuente 8%,8,3.36,5.8,44.44,116,115,Salida,Venta factura 1014,No,,,,No,,,
57,1015,2026-06-15,Minorista,1710000014,Diego,Jimenez,0930000014,diego.jimenez@gmail.com,Tungurahua,1999-03-15,1710000005,Mateo,Paredes,Vendedor,Vendedor,0991000005,mateo.paredes@calzadotoapanta.com,Bota lluvia nino,Nacional,Infantil,31,Amarillo,32.0,Botas Sierra Norte,Ecuador,Nacional,022345007,info@botassierranorte.com,3,96.0,Promocion deportiva 12%,12,11.52,12.67,97.15,116,113,Salida,Venta factura 1015,No,,,,No,,,
58,1015,2026-06-15,Minorista,1710000014,Diego,Jimenez,0930000014,diego.jimenez@gmail.com,Tungurahua,1999-03-15,1710000005,Mateo,Paredes,Vendedor,Vendedor,0991000005,mateo.paredes@calzadotoapanta.com,Alpargata tradicional,Nacional,Casual,39,Blanco,26.0,Distribuidora Guayaquil Shoes,Ecuador,Nacional,022345004,ventas@guayaquilshoes.com,3,78.0,Promocion deportiva 12%,12,9.36,10.3,78.94,116,113,Salida,Venta factura 1015,No,,,,No,,,
59,1015,2026-06-15,Minorista,1710000014,Diego,Jimenez,0930000014,diego.jimenez@gmail.com,Tungurahua,1999-03-15,1710000005,Mateo,Paredes,Vendedor,Vendedor,0991000005,mateo.paredes@calzadotoapanta.com,Zapato ejecutivo cuero,Nacional,Formal,42,Cafe,90.0,Cuero Ecuador Cia. Ltda.,Ecuador,Nacional,022345003,info@cueroecuador.com,1,90.0,Promocion deportiva 12%,12,10.8,11.88,91.08,117,116,Salida,Venta factura 1015,No,,,,No,,,
60,1015,2026-06-15,Minorista,1710000014,Diego,Jimenez,0930000014,diego.jimenez@gmail.com,Tungurahua,1999-03-15,1710000005,Mateo,Paredes,Vendedor,Vendedor,0991000005,mateo.paredes@calzadotoapanta.com,Zapatilla training negra,Importado,Deportivo,41,Negro,59.0,SportStep Import,Peru,Internacional,022345008,contacto@sportstep.com,2,118.0,Promocion deportiva 12%,12,14.16,15.58,119.42,118,116,Salida,Venta factura 1015,No,,,,No,,,
61,1016,2026-06-16,Mayorista,1810000015,Gabriela,Guerrero,0930000015,gabriela.guerrero@gmail.com,Loja,2000-04-16,1710000006,Gabriela,Guerrero,Cajera,Cajero,0991000006,gabriela.guerrero@calzadotoapanta.com,Zapato escolar negro,Nacional,Escolar,36,Negro,35.0,Calzado Andino S.A.,Ecuador,Nacional,022345001,ventas@calzadoandino.com,4,140.0,Liquidacion 20%,20,28.0,16.8,128.8,97,93,Salida,Venta factura 1016,No,,,,No,,,
62,1016,2026-06-16,Mayorista,1810000015,Gabriela,Guerrero,0930000015,gabriela.guerrero@gmail.com,Loja,2000-04-16,1710000006,Gabriela,Guerrero,Cajera,Cajero,0991000006,gabriela.guerrero@calzadotoapanta.com,Zapato escolar cafe,Nacional,Escolar,37,Cafe,36.5,Calzado Andino S.A.,Ecuador,Nacional,022345001,ventas@calzadoandino.com,3,109.5,Liquidacion 20%,20,21.9,13.14,100.74,106,103,Salida,Venta factura 1016,No,,,,No,,,
63,1016,2026-06-16,Mayorista,1810000015,Gabriela,Guerrero,0930000015,gabriela.guerrero@gmail.com,Loja,2000-04-16,1710000006,Gabriela,Guerrero,Cajera,Cajero,0991000006,gabriela.guerrero@calzadotoapanta.com,Zapatilla deportiva blanca,Importado,Deportivo,38,Blanco,48.5,SportStep Import,Peru,Internacional,022345008,contacto@sportstep.com,7,339.5,Liquidacion 20%,20,67.9,40.74,312.34,102,95,Salida,Venta factura 1016,No,,,,No,,,
64,1016,2026-06-16,Mayorista,1810000015,Gabriela,Guerrero,0930000015,gabriela.guerrero@gmail.com,Loja,2000-04-16,1710000006,Gabriela,Guerrero,Cajera,Cajero,0991000006,gabriela.guerrero@calzadotoapanta.com,Zapatilla running azul,Importado,Deportivo,40,Azul,55.0,SportStep Import,Peru,Internacional,022345008,contacto@sportstep.com,3,165.0,Liquidacion 20%,20,33.0,19.8,151.8,104,101,Salida,Venta factura 1016,No,,,,No,,,
65,1017,2026-06-17,Minorista,1910000016,Ricardo,Ortega,0930000016,ricardo.ortega@gmail.com,Imbabura,2001-05-17,1710000007,Ricardo,Castro,Administrador,Administrador,0991000007,ricardo.castro@calzadotoapanta.com,Sandalia casual mujer,Nacional,Sandalias,36,Beige,28.0,Sandalias Costa Ecuador,Ecuador,Nacional,022345010,info@sandaliascosta.com,3,84.0,Cyber Monday 18%,18,15.12,10.33,79.21,117,114,Salida,Venta factura 1017,No,,,,No,,,
66,1017,2026-06-17,Minorista,1910000016,Ricardo,Ortega,0930000016,ricardo.ortega@gmail.com,Imbabura,2001-05-17,1710000007,Ricardo,Castro,Administrador,Administrador,0991000007,ricardo.castro@calzadotoapanta.com,Sandalia playera hombre,Nacional,Sandalias,41,Negro,25.0,Sandalias Costa Ecuador,Ecuador,Nacional,022345010,info@sandaliascosta.com,3,75.0,Cyber Monday 18%,18,13.5,9.22,70.72,116,113,Salida,Venta factura 1017,No,,,,No,,,
67,1017,2026-06-17,Minorista,1910000016,Ricardo,Ortega,0930000016,ricardo.ortega@gmail.com,Imbabura,2001-05-17,1710000007,Ricardo,Castro,Administrador,Administrador,0991000007,ricardo.castro@calzadotoapanta.com,Zapato formal hombre,Nacional,Formal,40,Negro,60.0,Cuero Ecuador Cia. Ltda.,Ecuador,Nacional,022345003,info@cueroecuador.com,2,120.0,Cyber Monday 18%,18,21.6,14.76,113.16,114,112,Salida,Venta factura 1017,No,,,,No,,,
68,1017,2026-06-17,Minorista,1910000016,Ricardo,Ortega,0930000016,ricardo.ortega@gmail.com,Imbabura,2001-05-17,1710000007,Ricardo,Castro,Administrador,Administrador,0991000007,ricardo.castro@calzadotoapanta.com,Zapato formal mujer,Importado,Formal,37,Rojo,62.0,Formal Shoes Premium,Brasil,Internacional,022345009,ventas@formalpremium.com,2,124.0,Cyber Monday 18%,18,22.32,15.25,116.93,114,112,Salida,Venta factura 1017,No,,,,No,,,
69,1018,2026-06-18,Minorista,2010000017,Paula,Reyes,0930000017,paula.reyes@gmail.com,El Oro,2002-06-18,1710000008,Paula,Reyes,Auditor Interno,Auditor,0991000008,paula.reyes@calzadotoapanta.com,Botin cuero cafe,Nacional,Botas,41,Cafe,75.0,Botas Sierra Norte,Ecuador,Nacional,022345007,info@botassierranorte.com,1,75.0,Descuento mayorista 10%,10,7.5,10.12,77.62,114,113,Salida,Venta factura 1018,No,,,,No,,,
70,1018,2026-06-18,Minorista,2010000017,Paula,Reyes,0930000017,paula.reyes@gmail.com,El Oro,2002-06-18,1710000008,Paula,Reyes,Auditor Interno,Auditor,0991000008,paula.reyes@calzadotoapanta.com,Bota industrial punta acero,Nacional,Industrial,42,Negro,85.0,Seguridad Total Shoes,Ecuador,Nacional,022345005,contacto@seguridadtotal.com,3,255.0,Descuento mayorista 10%,10,25.5,34.42,263.92,116,113,Salida,Venta factura 1018,No,,,,No,,,
71,1018,2026-06-18,Minorista,2010000017,Paula,Reyes,0930000017,paula.reyes@gmail.com,El Oro,2002-06-18,1710000008,Paula,Reyes,Auditor Interno,Auditor,0991000008,paula.reyes@calzadotoapanta.com,Mocasin hombre,Importado,Formal,40,Azul,58.0,Formal Shoes Premium,Brasil,Internacional,022345009,ventas@formalpremium.com,2,116.0,Descuento mayorista 10%,10,11.6,15.66,120.06,113,111,Salida,Venta factura 1018,No,,,,No,,,
72,1018,2026-06-18,Minorista,2010000017,Paula,Reyes,0930000017,paula.reyes@gmail.com,El Oro,2002-06-18,1710000008,Paula,Reyes,Auditor Interno,Auditor,0991000008,paula.reyes@calzadotoapanta.com,Tacon negro,Importado,Formal,36,Negro,65.0,Moda Latina Calzado,Colombia,Internacional,022345006,ventas@modalatina.com,1,65.0,Descuento mayorista 10%,10,6.5,8.78,67.28,114,113,Salida,Venta factura 1018,No,,,,No,,,
73,1019,2026-06-19,Minorista,2110000018,Mateo,Toapanta,0930000018,mateo.toapanta@gmail.com,Cotopaxi,1985-07-19,1710000009,Diego,Herrera,Encargado de Inventario,Administrador,0991000009,diego.herrera@calzadotoapanta.com,Botin mujer beige,Importado,Botas,37,Beige,72.0,Moda Latina Calzado,Colombia,Internacional,022345006,ventas@modalatina.com,2,144.0,Promocion sandalias 7%,7,10.08,20.09,154.01,115,113,Salida,Venta factura 1019,No,,,,No,,,
74,1019,2026-06-19,Minorista,2110000018,Mateo,Toapanta,0930000018,mateo.toapanta@gmail.com,Cotopaxi,1985-07-19,1710000009,Diego,Herrera,Encargado de Inventario,Administrador,0991000009,diego.herrera@calzadotoapanta.com,Zapato casual urbano,Nacional,Casual,39,Gris,45.0,Distribuidora Guayaquil Shoes,Ecuador,Nacional,022345004,ventas@guayaquilshoes.com,2,90.0,Promocion sandalias 7%,7,6.3,12.55,96.25,115,113,Salida,Venta factura 1019,No,,,,No,,,
75,1019,2026-06-19,Minorista,2110000018,Mateo,Toapanta,0930000018,mateo.toapanta@gmail.com,Cotopaxi,1985-07-19,1710000009,Diego,Herrera,Encargado de Inventario,Administrador,0991000009,diego.herrera@calzadotoapanta.com,Tenis juvenil rojo,Importado,Deportivo,38,Rojo,50.0,Importadora Oriental Shoes,China,Internacional,022345002,contacto@orientalshoes.com,2,100.0,Promocion sandalias 7%,7,7.0,13.95,106.95,113,111,Salida,Venta factura 1019,No,,,,No,,,
76,1019,2026-06-19,Minorista,2110000018,Mateo,Toapanta,0930000018,mateo.toapanta@gmail.com,Cotopaxi,1985-07-19,1710000009,Diego,Herrera,Encargado de Inventario,Administrador,0991000009,diego.herrera@calzadotoapanta.com,Zapato infantil luces,Importado,Infantil,30,Azul,42.0,Importadora Oriental Shoes,China,Internacional,022345002,contacto@orientalshoes.com,3,126.0,Promocion sandalias 7%,7,8.82,17.58,134.76,115,112,Salida,Venta factura 1019,No,,,,No,,,
77,1020,2026-06-20,Minorista,2210000019,Diana,Nunez,0930000019,diana.nunez@gmail.com,Chimborazo,1986-08-20,1710000010,Lucia,Morales,Vendedora,Vendedor,0991000010,lucia.morales@calzadotoapanta.com,Bota lluvia nino,Nacional,Infantil,31,Amarillo,32.0,Botas Sierra Norte,Ecuador,Nacional,022345007,info@botassierranorte.com,1,32.0,Temporada formal 5%,5,1.6,4.56,34.96,113,112,Salida,Venta factura 1020,No,,,,No,,,
78,1020,2026-06-20,Minorista,2210000019,Diana,Nunez,0930000019,diana.nunez@gmail.com,Chimborazo,1986-08-20,1710000010,Lucia,Morales,Vendedora,Vendedor,0991000010,lucia.morales@calzadotoapanta.com,Alpargata tradicional,Nacional,Casual,39,Blanco,26.0,Distribuidora Guayaquil Shoes,Ecuador,Nacional,022345004,ventas@guayaquilshoes.com,2,52.0,Temporada formal 5%,5,2.6,7.41,56.81,113,111,Salida,Venta factura 1020,No,,,,No,,,
79,1020,2026-06-20,Minorista,2210000019,Diana,Nunez,0930000019,diana.nunez@gmail.com,Chimborazo,1986-08-20,1710000010,Lucia,Morales,Vendedora,Vendedor,0991000010,lucia.morales@calzadotoapanta.com,Zapato ejecutivo cuero,Nacional,Formal,42,Cafe,90.0,Cuero Ecuador Cia. Ltda.,Ecuador,Nacional,022345003,info@cueroecuador.com,2,180.0,Temporada formal 5%,5,9.0,25.65,196.65,116,114,Salida,Venta factura 1020,No,,,,No,,,
80,1020,2026-06-20,Minorista,2210000019,Diana,Nunez,0930000019,diana.nunez@gmail.com,Chimborazo,1986-08-20,1710000010,Lucia,Morales,Vendedora,Vendedor,0991000010,lucia.morales@calzadotoapanta.com,Zapatilla training negra,Importado,Deportivo,41,Negro,59.0,SportStep Import,Peru,Internacional,022345008,contacto@sportstep.com,3,177.0,Temporada formal 5%,5,8.85,25.22,193.37,116,113,Salida,Venta factura 1020,No,,,,No,,,
81,1021,2026-06-21,Mayorista,2310000020,Sebastian,Flores,0930000020,sebastian.flores@gmail.com,Pichincha,1987-09-21,1710000001,Carlos,Mena,Vendedor,Vendedor,0991000001,carlos.mena@calzadotoapanta.com,Zapato escolar negro,Nacional,Escolar,36,Negro,35.0,Calzado Andino S.A.,Ecuador,Nacional,022345001,ventas@calzadoandino.com,3,105.0,Sin promocion,0,0.0,15.75,120.75,93,90,Salida,Venta factura 1021,No,,,,No,,,
82,1021,2026-06-21,Mayorista,2310000020,Sebastian,Flores,0930000020,sebastian.flores@gmail.com,Pichincha,1987-09-21,1710000001,Carlos,Mena,Vendedor,Vendedor,0991000001,carlos.mena@calzadotoapanta.com,Zapato escolar cafe,Nacional,Escolar,37,Cafe,36.5,Calzado Andino S.A.,Ecuador,Nacional,022345001,ventas@calzadoandino.com,6,219.0,Sin promocion,0,0.0,32.85,251.85,103,97,Salida,Venta factura 1021,No,,,,No,,,
83,1021,2026-06-21,Mayorista,2310000020,Sebastian,Flores,0930000020,sebastian.flores@gmail.com,Pichincha,1987-09-21,1710000001,Carlos,Mena,Vendedor,Vendedor,0991000001,carlos.mena@calzadotoapanta.com,Zapatilla deportiva blanca,Importado,Deportivo,38,Blanco,48.5,SportStep Import,Peru,Internacional,022345008,contacto@sportstep.com,3,145.5,Sin promocion,0,0.0,21.82,167.32,95,92,Salida,Venta factura 1021,No,,,,No,,,
84,1021,2026-06-21,Mayorista,2310000020,Sebastian,Flores,0930000020,sebastian.flores@gmail.com,Pichincha,1987-09-21,1710000001,Carlos,Mena,Vendedor,Vendedor,0991000001,carlos.mena@calzadotoapanta.com,Zapatilla running azul,Importado,Deportivo,40,Azul,55.0,SportStep Import,Peru,Internacional,022345008,contacto@sportstep.com,6,330.0,Sin promocion,0,0.0,49.5,379.5,101,95,Salida,Venta factura 1021,No,,,,No,,,
85,1022,2026-06-22,Minorista,1710000021,Lucia,Molina,0930000021,lucia.molina@gmail.com,Guayas,1988-10-22,1710000002,Ana,Torres,Cajera,Cajero,0991000002,ana.torres@calzadotoapanta.com,Sandalia casual mujer,Nacional,Sandalias,36,Beige,28.0,Sandalias Costa Ecuador,Ecuador,Nacional,022345010,info@sandaliascosta.com,2,56.0,Escolar 10%,10,5.6,7.56,57.96,114,112,Salida,Venta factura 1022,No,,,,No,,,
86,1022,2026-06-22,Minorista,1710000021,Lucia,Molina,0930000021,lucia.molina@gmail.com,Guayas,1988-10-22,1710000002,Ana,Torres,Cajera,Cajero,0991000002,ana.torres@calzadotoapanta.com,Sandalia playera hombre,Nacional,Sandalias,41,Negro,25.0,Sandalias Costa Ecuador,Ecuador,Nacional,022345010,info@sandaliascosta.com,2,50.0,Escolar 10%,10,5.0,6.75,51.75,113,111,Salida,Venta factura 1022,No,,,,No,,,
87,1022,2026-06-22,Minorista,1710000021,Lucia,Molina,0930000021,lucia.molina@gmail.com,Guayas,1988-10-22,1710000002,Ana,Torres,Cajera,Cajero,0991000002,ana.torres@calzadotoapanta.com,Zapato formal hombre,Nacional,Formal,40,Negro,60.0,Cuero Ecuador Cia. Ltda.,Ecuador,Nacional,022345003,info@cueroecuador.com,1,60.0,Escolar 10%,10,6.0,8.1,62.1,112,111,Salida,Venta factura 1022,No,,,,No,,,
88,1022,2026-06-22,Minorista,1710000021,Lucia,Molina,0930000021,lucia.molina@gmail.com,Guayas,1988-10-22,1710000002,Ana,Torres,Cajera,Cajero,0991000002,ana.torres@calzadotoapanta.com,Zapato formal mujer,Importado,Formal,37,Rojo,62.0,Formal Shoes Premium,Brasil,Internacional,022345009,ventas@formalpremium.com,3,186.0,Escolar 10%,10,18.6,25.11,192.51,112,109,Salida,Venta factura 1022,No,,,,No,,,
89,1023,2026-06-23,Minorista,1810000022,Andres,Ramos,0930000022,andres.ramos@gmail.com,Azuay,1989-11-23,1710000003,Andrea,Salazar,Gerente Comercial,Gerente,0991000003,andrea.salazar@calzadotoapanta.com,Botin cuero cafe,Nacional,Botas,41,Cafe,75.0,Botas Sierra Norte,Ecuador,Nacional,022345007,info@botassierranorte.com,2,150.0,Black Friday 15%,15,22.5,19.12,146.62,113,111,Salida,Venta factura 1023,No,,,,No,,,
90,1023,2026-06-23,Minorista,1810000022,Andres,Ramos,0930000022,andres.ramos@gmail.com,Azuay,1989-11-23,1710000003,Andrea,Salazar,Gerente Comercial,Gerente,0991000003,andrea.salazar@calzadotoapanta.com,Bota industrial punta acero,Nacional,Industrial,42,Negro,85.0,Seguridad Total Shoes,Ecuador,Nacional,022345005,contacto@seguridadtotal.com,2,170.0,Black Friday 15%,15,25.5,21.68,166.18,113,111,Salida,Venta factura 1023,No,,,,No,,,
91,1023,2026-06-23,Minorista,1810000022,Andres,Ramos,0930000022,andres.ramos@gmail.com,Azuay,1989-11-23,1710000003,Andrea,Salazar,Gerente Comercial,Gerente,0991000003,andrea.salazar@calzadotoapanta.com,Mocasin hombre,Importado,Formal,40,Azul,58.0,Formal Shoes Premium,Brasil,Internacional,022345009,ventas@formalpremium.com,1,58.0,Black Friday 15%,15,8.7,7.39,56.69,111,110,Salida,Venta factura 1023,No,,,,No,,,
92,1023,2026-06-23,Minorista,1810000022,Andres,Ramos,0930000022,andres.ramos@gmail.com,Azuay,1989-11-23,1710000003,Andrea,Salazar,Gerente Comercial,Gerente,0991000003,andrea.salazar@calzadotoapanta.com,Tacon negro,Importado,Formal,36,Negro,65.0,Moda Latina Calzado,Colombia,Internacional,022345006,ventas@modalatina.com,1,65.0,Black Friday 15%,15,9.75,8.29,63.54,113,112,Salida,Venta factura 1023,No,,,,No,,,
93,1024,2026-06-24,Minorista,1910000023,Natalia,Vargas,0930000023,natalia.vargas@gmail.com,Manabi,1990-12-24,1710000004,Luis,Vera,Vendedor,Vendedor,0991000004,luis.vera@calzadotoapanta.com,Botin mujer beige,Importado,Botas,37,Beige,72.0,Moda Latina Calzado,Colombia,Internacional,022345006,ventas@modalatina.com,1,72.0,Cliente frecuente 8%,8,5.76,9.94,76.18,113,112,Salida,Venta factura 1024,No,,,,No,,,
94,1024,2026-06-24,Minorista,1910000023,Natalia,Vargas,0930000023,natalia.vargas@gmail.com,Manabi,1990-12-24,1710000004,Luis,Vera,Vendedor,Vendedor,0991000004,luis.vera@calzadotoapanta.com,Zapato casual urbano,Nacional,Casual,39,Gris,45.0,Distribuidora Guayaquil Shoes,Ecuador,Nacional,022345004,ventas@guayaquilshoes.com,2,90.0,Cliente frecuente 8%,8,7.2,12.42,95.22,113,111,Salida,Venta factura 1024,No,,,,No,,,
95,1024,2026-06-24,Minorista,1910000023,Natalia,Vargas,0930000023,natalia.vargas@gmail.com,Manabi,1990-12-24,1710000004,Luis,Vera,Vendedor,Vendedor,0991000004,luis.vera@calzadotoapanta.com,Tenis juvenil rojo,Importado,Deportivo,38,Rojo,50.0,Importadora Oriental Shoes,China,Internacional,022345002,contacto@orientalshoes.com,3,150.0,Cliente frecuente 8%,8,12.0,20.7,158.7,111,108,Salida,Venta factura 1024,No,,,,No,,,
96,1024,2026-06-24,Minorista,1910000023,Natalia,Vargas,0930000023,natalia.vargas@gmail.com,Manabi,1990-12-24,1710000004,Luis,Vera,Vendedor,Vendedor,0991000004,luis.vera@calzadotoapanta.com,Zapato infantil luces,Importado,Infantil,30,Azul,42.0,Importadora Oriental Shoes,China,Internacional,022345002,contacto@orientalshoes.com,2,84.0,Cliente frecuente 8%,8,6.72,11.59,88.87,112,110,Salida,Venta factura 1024,No,,,,No,,,
97,1025,2026-06-25,Minorista,2010000024,Fernando,Sanchez,0930000024,fernando.sanchez@gmail.com,Tungurahua,1991-01-25,1710000005,Mateo,Paredes,Vendedor,Vendedor,0991000005,mateo.paredes@calzadotoapanta.com,Bota lluvia nino,Nacional,Infantil,31,Amarillo,32.0,Botas Sierra Norte,Ecuador,Nacional,022345007,info@botassierranorte.com,2,64.0,Promocion deportiva 12%,12,7.68,8.45,64.77,112,110,Salida,Venta factura 1025,No,,,,No,,,
98,1025,2026-06-25,Minorista,2010000024,Fernando,Sanchez,0930000024,fernando.sanchez@gmail.com,Tungurahua,1991-01-25,1710000005,Mateo,Paredes,Vendedor,Vendedor,0991000005,mateo.paredes@calzadotoapanta.com,Alpargata tradicional,Nacional,Casual,39,Blanco,26.0,Distribuidora Guayaquil Shoes,Ecuador,Nacional,022345004,ventas@guayaquilshoes.com,3,78.0,Promocion deportiva 12%,12,9.36,10.3,78.94,111,108,Salida,Venta factura 1025,No,,,,No,,,
99,1025,2026-06-25,Minorista,2010000024,Fernando,Sanchez,0930000024,fernando.sanchez@gmail.com,Tungurahua,1991-01-25,1710000005,Mateo,Paredes,Vendedor,Vendedor,0991000005,mateo.paredes@calzadotoapanta.com,Zapato ejecutivo cuero,Nacional,Formal,42,Cafe,90.0,Cuero Ecuador Cia. Ltda.,Ecuador,Nacional,022345003,info@cueroecuador.com,3,270.0,Promocion deportiva 12%,12,32.4,35.64,273.24,114,111,Salida,Venta factura 1025,No,,,,No,,,
100,1025,2026-06-25,Minorista,2010000024,Fernando,Sanchez,0930000024,fernando.sanchez@gmail.com,Tungurahua,1991-01-25,1710000005,Mateo,Paredes,Vendedor,Vendedor,0991000005,mateo.paredes@calzadotoapanta.com,Zapatilla training negra,Importado,Deportivo,41,Negro,59.0,SportStep Import,Peru,Internacional,022345008,contacto@sportstep.com,1,59.0,Promocion deportiva 12%,12,7.08,7.79,59.71,113,112,Salida,Venta factura 1025,No,,,,No,,,
101,1026,2026-06-26,Mayorista,2110000025,Carolina,Chavez,0930000025,carolina.chavez@gmail.com,Loja,1992-02-26,1710000006,Gabriela,Guerrero,Cajera,Cajero,0991000006,gabriela.guerrero@calzadotoapanta.com,Zapato escolar negro,Nacional,Escolar,36,Negro,35.0,Calzado Andino S.A.,Ecuador,Nacional,022345001,ventas@calzadoandino.com,5,175.0,Liquidacion 20%,20,35.0,21.0,161.0,90,85,Salida,Venta factura 1026,No,,,,No,,,
102,1026,2026-06-26,Mayorista,2110000025,Carolina,Chavez,0930000025,carolina.chavez@gmail.com,Loja,1992-02-26,1710000006,Gabriela,Guerrero,Cajera,Cajero,0991000006,gabriela.guerrero@calzadotoapanta.com,Zapato escolar cafe,Nacional,Escolar,37,Cafe,36.5,Calzado Andino S.A.,Ecuador,Nacional,022345001,ventas@calzadoandino.com,4,146.0,Liquidacion 20%,20,29.2,17.52,134.32,97,93,Salida,Venta factura 1026,No,,,,No,,,
103,1026,2026-06-26,Mayorista,2110000025,Carolina,Chavez,0930000025,carolina.chavez@gmail.com,Loja,1992-02-26,1710000006,Gabriela,Guerrero,Cajera,Cajero,0991000006,gabriela.guerrero@calzadotoapanta.com,Zapatilla deportiva blanca,Importado,Deportivo,38,Blanco,48.5,SportStep Import,Peru,Internacional,022345008,contacto@sportstep.com,6,291.0,Liquidacion 20%,20,58.2,34.92,267.72,92,86,Salida,Venta factura 1026,No,,,,No,,,
104,1026,2026-06-26,Mayorista,2110000025,Carolina,Chavez,0930000025,carolina.chavez@gmail.com,Loja,1992-02-26,1710000006,Gabriela,Guerrero,Cajera,Cajero,0991000006,gabriela.guerrero@calzadotoapanta.com,Zapatilla running azul,Importado,Deportivo,40,Azul,55.0,SportStep Import,Peru,Internacional,022345008,contacto@sportstep.com,3,165.0,Liquidacion 20%,20,33.0,19.8,151.8,95,92,Salida,Venta factura 1026,No,,,,No,,,
105,1027,2026-06-27,Minorista,2210000026,David,Romero,0930000026,david.romero@gmail.com,Imbabura,1993-03-27,1710000007,Ricardo,Castro,Administrador,Administrador,0991000007,ricardo.castro@calzadotoapanta.com,Sandalia casual mujer,Nacional,Sandalias,36,Beige,28.0,Sandalias Costa Ecuador,Ecuador,Nacional,022345010,info@sandaliascosta.com,2,56.0,Cyber Monday 18%,18,10.08,6.89,52.81,112,110,Salida,Venta factura 1027,No,,,,No,,,
106,1027,2026-06-27,Minorista,2210000026,David,Romero,0930000026,david.romero@gmail.com,Imbabura,1993-03-27,1710000007,Ricardo,Castro,Administrador,Administrador,0991000007,ricardo.castro@calzadotoapanta.com,Sandalia playera hombre,Nacional,Sandalias,41,Negro,25.0,Sandalias Costa Ecuador,Ecuador,Nacional,022345010,info@sandaliascosta.com,1,25.0,Cyber Monday 18%,18,4.5,3.07,23.57,111,110,Salida,Venta factura 1027,No,,,,No,,,
107,1027,2026-06-27,Minorista,2210000026,David,Romero,0930000026,david.romero@gmail.com,Imbabura,1993-03-27,1710000007,Ricardo,Castro,Administrador,Administrador,0991000007,ricardo.castro@calzadotoapanta.com,Zapato formal hombre,Nacional,Formal,40,Negro,60.0,Cuero Ecuador Cia. Ltda.,Ecuador,Nacional,022345003,info@cueroecuador.com,3,180.0,Cyber Monday 18%,18,32.4,22.14,169.74,111,108,Salida,Venta factura 1027,No,,,,No,,,
108,1027,2026-06-27,Minorista,2210000026,David,Romero,0930000026,david.romero@gmail.com,Imbabura,1993-03-27,1710000007,Ricardo,Castro,Administrador,Administrador,0991000007,ricardo.castro@calzadotoapanta.com,Zapato formal mujer,Importado,Formal,37,Rojo,62.0,Formal Shoes Premium,Brasil,Internacional,022345009,ventas@formalpremium.com,1,62.0,Cyber Monday 18%,18,11.16,7.63,58.47,109,108,Salida,Venta factura 1027,No,,,,No,,,
109,1028,2026-06-28,Minorista,2310000027,Monica,Cruz,0930000027,monica.cruz@gmail.com,El Oro,1994-04-01,1710000008,Paula,Reyes,Auditor Interno,Auditor,0991000008,paula.reyes@calzadotoapanta.com,Botin cuero cafe,Nacional,Botas,41,Cafe,75.0,Botas Sierra Norte,Ecuador,Nacional,022345007,info@botassierranorte.com,2,150.0,Descuento mayorista 10%,10,15.0,20.25,155.25,111,109,Salida,Venta factura 1028,No,,,,No,,,
110,1028,2026-06-28,Minorista,2310000027,Monica,Cruz,0930000027,monica.cruz@gmail.com,El Oro,1994-04-01,1710000008,Paula,Reyes,Auditor Interno,Auditor,0991000008,paula.reyes@calzadotoapanta.com,Bota industrial punta acero,Nacional,Industrial,42,Negro,85.0,Seguridad Total Shoes,Ecuador,Nacional,022345005,contacto@seguridadtotal.com,1,85.0,Descuento mayorista 10%,10,8.5,11.47,87.97,111,110,Salida,Venta factura 1028,No,,,,No,,,
111,1028,2026-06-28,Minorista,2310000027,Monica,Cruz,0930000027,monica.cruz@gmail.com,El Oro,1994-04-01,1710000008,Paula,Reyes,Auditor Interno,Auditor,0991000008,paula.reyes@calzadotoapanta.com,Mocasin hombre,Importado,Formal,40,Azul,58.0,Formal Shoes Premium,Brasil,Internacional,022345009,ventas@formalpremium.com,3,174.0,Descuento mayorista 10%,10,17.4,23.49,180.09,110,107,Salida,Venta factura 1028,No,,,,No,,,
112,1028,2026-06-28,Minorista,2310000027,Monica,Cruz,0930000027,monica.cruz@gmail.com,El Oro,1994-04-01,1710000008,Paula,Reyes,Auditor Interno,Auditor,0991000008,paula.reyes@calzadotoapanta.com,Tacon negro,Importado,Formal,36,Negro,65.0,Moda Latina Calzado,Colombia,Internacional,022345006,ventas@modalatina.com,3,195.0,Descuento mayorista 10%,10,19.5,26.32,201.82,112,109,Salida,Venta factura 1028,No,,,,No,,,
113,1029,2026-06-29,Minorista,1710000028,Cristian,Espinoza,0930000028,cristian.espinoza@gmail.com,Cotopaxi,1995-05-02,1710000009,Diego,Herrera,Encargado de Inventario,Administrador,0991000009,diego.herrera@calzadotoapanta.com,Botin mujer beige,Importado,Botas,37,Beige,72.0,Moda Latina Calzado,Colombia,Internacional,022345006,ventas@modalatina.com,3,216.0,Promocion sandalias 7%,7,15.12,30.13,231.01,112,109,Salida,Venta factura 1029,No,,,,No,,,
114,1029,2026-06-29,Minorista,1710000028,Cristian,Espinoza,0930000028,cristian.espinoza@gmail.com,Cotopaxi,1995-05-02,1710000009,Diego,Herrera,Encargado de Inventario,Administrador,0991000009,diego.herrera@calzadotoapanta.com,Zapato casual urbano,Nacional,Casual,39,Gris,45.0,Distribuidora Guayaquil Shoes,Ecuador,Nacional,022345004,ventas@guayaquilshoes.com,2,90.0,Promocion sandalias 7%,7,6.3,12.55,96.25,111,109,Salida,Venta factura 1029,No,,,,No,,,
115,1029,2026-06-29,Minorista,1710000028,Cristian,Espinoza,0930000028,cristian.espinoza@gmail.com,Cotopaxi,1995-05-02,1710000009,Diego,Herrera,Encargado de Inventario,Administrador,0991000009,diego.herrera@calzadotoapanta.com,Tenis juvenil rojo,Importado,Deportivo,38,Rojo,50.0,Importadora Oriental Shoes,China,Internacional,022345002,contacto@orientalshoes.com,1,50.0,Promocion sandalias 7%,7,3.5,6.97,53.47,108,107,Salida,Venta factura 1029,No,,,,No,,,
116,1029,2026-06-29,Minorista,1710000028,Cristian,Espinoza,0930000028,cristian.espinoza@gmail.com,Cotopaxi,1995-05-02,1710000009,Diego,Herrera,Encargado de Inventario,Administrador,0991000009,diego.herrera@calzadotoapanta.com,Zapato infantil luces,Importado,Infantil,30,Azul,42.0,Importadora Oriental Shoes,China,Internacional,022345002,contacto@orientalshoes.com,1,42.0,Promocion sandalias 7%,7,2.94,5.86,44.92,110,109,Salida,Venta factura 1029,No,,,,No,,,
117,1030,2026-06-30,Minorista,1810000029,Alejandra,Aguilar,0930000029,alejandra.aguilar@gmail.com,Chimborazo,1996-06-03,1710000010,Lucia,Morales,Vendedora,Vendedor,0991000010,lucia.morales@calzadotoapanta.com,Bota lluvia nino,Nacional,Infantil,31,Amarillo,32.0,Botas Sierra Norte,Ecuador,Nacional,022345007,info@botassierranorte.com,1,32.0,Temporada formal 5%,5,1.6,4.56,34.96,110,109,Salida,Venta factura 1030,No,,,,No,,,
118,1030,2026-06-30,Minorista,1810000029,Alejandra,Aguilar,0930000029,alejandra.aguilar@gmail.com,Chimborazo,1996-06-03,1710000010,Lucia,Morales,Vendedora,Vendedor,0991000010,lucia.morales@calzadotoapanta.com,Alpargata tradicional,Nacional,Casual,39,Blanco,26.0,Distribuidora Guayaquil Shoes,Ecuador,Nacional,022345004,ventas@guayaquilshoes.com,3,78.0,Temporada formal 5%,5,3.9,11.11,85.21,108,105,Salida,Venta factura 1030,No,,,,No,,,
119,1030,2026-06-30,Minorista,1810000029,Alejandra,Aguilar,0930000029,alejandra.aguilar@gmail.com,Chimborazo,1996-06-03,1710000010,Lucia,Morales,Vendedora,Vendedor,0991000010,lucia.morales@calzadotoapanta.com,Zapato ejecutivo cuero,Nacional,Formal,42,Cafe,90.0,Cuero Ecuador Cia. Ltda.,Ecuador,Nacional,022345003,info@cueroecuador.com,2,180.0,Temporada formal 5%,5,9.0,25.65,196.65,111,109,Salida,Venta factura 1030,No,,,,No,,,
120,1030,2026-06-30,Minorista,1810000029,Alejandra,Aguilar,0930000029,alejandra.aguilar@gmail.com,Chimborazo,1996-06-03,1710000010,Lucia,Morales,Vendedora,Vendedor,0991000010,lucia.morales@calzadotoapanta.com,Zapatilla training negra,Importado,Deportivo,41,Negro,59.0,SportStep Import,Peru,Internacional,022345008,contacto@sportstep.com,1,59.0,Temporada formal 5%,5,2.95,8.41,64.46,112,111,Salida,Venta factura 1030,No,,,,No,,,
121,1031,2026-06-01,Mayorista,1710000000,Juan,Perez,0930000000,juan.perez@gmail.com,Pichincha,1985-01-01,1710000001,Carlos,Mena,Vendedor,Vendedor,0991000001,carlos.mena@calzadotoapanta.com,Zapato escolar negro,Nacional,Escolar,36,Negro,35.0,Calzado Andino S.A.,Ecuador,Nacional,022345001,ventas@calzadoandino.com,8,280.0,Sin promocion,0,0.0,42.0,322.0,85,77,Salida,Venta factura 1031,No,,,,No,,,
122,1031,2026-06-01,Mayorista,1710000000,Juan,Perez,0930000000,juan.perez@gmail.com,Pichincha,1985-01-01,1710000001,Carlos,Mena,Vendedor,Vendedor,0991000001,carlos.mena@calzadotoapanta.com,Zapato escolar cafe,Nacional,Escolar,37,Cafe,36.5,Calzado Andino S.A.,Ecuador,Nacional,022345001,ventas@calzadoandino.com,7,255.5,Sin promocion,0,0.0,38.32,293.82,93,86,Salida,Venta factura 1031,No,,,,No,,,
123,1031,2026-06-01,Mayorista,1710000000,Juan,Perez,0930000000,juan.perez@gmail.com,Pichincha,1985-01-01,1710000001,Carlos,Mena,Vendedor,Vendedor,0991000001,carlos.mena@calzadotoapanta.com,Zapatilla deportiva blanca,Importado,Deportivo,38,Blanco,48.5,SportStep Import,Peru,Internacional,022345008,contacto@sportstep.com,8,388.0,Sin promocion,0,0.0,58.2,446.2,86,78,Salida,Venta factura 1031,No,,,,No,,,
124,1031,2026-06-01,Mayorista,1710000000,Juan,Perez,0930000000,juan.perez@gmail.com,Pichincha,1985-01-01,1710000001,Carlos,Mena,Vendedor,Vendedor,0991000001,carlos.mena@calzadotoapanta.com,Zapatilla running azul,Importado,Deportivo,40,Azul,55.0,SportStep Import,Peru,Internacional,022345008,contacto@sportstep.com,6,330.0,Sin promocion,0,0.0,49.5,379.5,92,86,Salida,Venta factura 1031,No,,,,No,,,
125,1032,2026-06-02,Minorista,1810000001,Maria,Lopez,0930000001,maria.lopez@gmail.com,Guayas,1986-02-02,1710000002,Ana,Torres,Cajera,Cajero,0991000002,ana.torres@calzadotoapanta.com,Sandalia casual mujer,Nacional,Sandalias,36,Beige,28.0,Sandalias Costa Ecuador,Ecuador,Nacional,022345010,info@sandaliascosta.com,3,84.0,Escolar 10%,10,8.4,11.34,86.94,110,107,Salida,Venta factura 1032,No,,,,No,,,
126,1032,2026-06-02,Minorista,1810000001,Maria,Lopez,0930000001,maria.lopez@gmail.com,Guayas,1986-02-02,1710000002,Ana,Torres,Cajera,Cajero,0991000002,ana.torres@calzadotoapanta.com,Sandalia playera hombre,Nacional,Sandalias,41,Negro,25.0,Sandalias Costa Ecuador,Ecuador,Nacional,022345010,info@sandaliascosta.com,2,50.0,Escolar 10%,10,5.0,6.75,51.75,110,108,Salida,Venta factura 1032,No,,,,No,,,
127,1032,2026-06-02,Minorista,1810000001,Maria,Lopez,0930000001,maria.lopez@gmail.com,Guayas,1986-02-02,1710000002,Ana,Torres,Cajera,Cajero,0991000002,ana.torres@calzadotoapanta.com,Zapato formal hombre,Nacional,Formal,40,Negro,60.0,Cuero Ecuador Cia. Ltda.,Ecuador,Nacional,022345003,info@cueroecuador.com,1,60.0,Escolar 10%,10,6.0,8.1,62.1,108,107,Salida,Venta factura 1032,No,,,,No,,,
128,1032,2026-06-02,Minorista,1810000001,Maria,Lopez,0930000001,maria.lopez@gmail.com,Guayas,1986-02-02,1710000002,Ana,Torres,Cajera,Cajero,0991000002,ana.torres@calzadotoapanta.com,Zapato formal mujer,Importado,Formal,37,Rojo,62.0,Formal Shoes Premium,Brasil,Internacional,022345009,ventas@formalpremium.com,1,62.0,Escolar 10%,10,6.2,8.37,64.17,108,107,Salida,Venta factura 1032,No,,,,No,,,
129,1033,2026-06-03,Minorista,1910000002,Carlos,Andrade,0930000002,carlos.andrade@gmail.com,Azuay,1987-03-03,1710000003,Andrea,Salazar,Gerente Comercial,Gerente,0991000003,andrea.salazar@calzadotoapanta.com,Botin cuero cafe,Nacional,Botas,41,Cafe,75.0,Botas Sierra Norte,Ecuador,Nacional,022345007,info@botassierranorte.com,2,150.0,Black Friday 15%,15,22.5,19.12,146.62,109,107,Salida,Venta factura 1033,No,,,,No,,,
130,1033,2026-06-03,Minorista,1910000002,Carlos,Andrade,0930000002,carlos.andrade@gmail.com,Azuay,1987-03-03,1710000003,Andrea,Salazar,Gerente Comercial,Gerente,0991000003,andrea.salazar@calzadotoapanta.com,Bota industrial punta acero,Nacional,Industrial,42,Negro,85.0,Seguridad Total Shoes,Ecuador,Nacional,022345005,contacto@seguridadtotal.com,1,85.0,Black Friday 15%,15,12.75,10.84,83.09,110,109,Salida,Venta factura 1033,No,,,,No,,,
131,1033,2026-06-03,Minorista,1910000002,Carlos,Andrade,0930000002,carlos.andrade@gmail.com,Azuay,1987-03-03,1710000003,Andrea,Salazar,Gerente Comercial,Gerente,0991000003,andrea.salazar@calzadotoapanta.com,Mocasin hombre,Importado,Formal,40,Azul,58.0,Formal Shoes Premium,Brasil,Internacional,022345009,ventas@formalpremium.com,2,116.0,Black Friday 15%,15,17.4,14.79,113.39,107,105,Salida,Venta factura 1033,No,,,,No,,,
132,1033,2026-06-03,Minorista,1910000002,Carlos,Andrade,0930000002,carlos.andrade@gmail.com,Azuay,1987-03-03,1710000003,Andrea,Salazar,Gerente Comercial,Gerente,0991000003,andrea.salazar@calzadotoapanta.com,Tacon negro,Importado,Formal,36,Negro,65.0,Moda Latina Calzado,Colombia,Internacional,022345006,ventas@modalatina.com,1,65.0,Black Friday 15%,15,9.75,8.29,63.54,109,108,Salida,Venta factura 1033,No,,,,No,,,
133,1034,2026-06-04,Minorista,2010000003,Ana,Torres,0930000003,ana.torres@gmail.com,Manabi,1988-04-04,1710000004,Luis,Vera,Vendedor,Vendedor,0991000004,luis.vera@calzadotoapanta.com,Botin mujer beige,Importado,Botas,37,Beige,72.0,Moda Latina Calzado,Colombia,Internacional,022345006,ventas@modalatina.com,1,72.0,Cliente frecuente 8%,8,5.76,9.94,76.18,109,108,Salida,Venta factura 1034,No,,,,No,,,
134,1034,2026-06-04,Minorista,2010000003,Ana,Torres,0930000003,ana.torres@gmail.com,Manabi,1988-04-04,1710000004,Luis,Vera,Vendedor,Vendedor,0991000004,luis.vera@calzadotoapanta.com,Zapato casual urbano,Nacional,Casual,39,Gris,45.0,Distribuidora Guayaquil Shoes,Ecuador,Nacional,022345004,ventas@guayaquilshoes.com,1,45.0,Cliente frecuente 8%,8,3.6,6.21,47.61,109,108,Salida,Venta factura 1034,No,,,,No,,,
135,1034,2026-06-04,Minorista,2010000003,Ana,Torres,0930000003,ana.torres@gmail.com,Manabi,1988-04-04,1710000004,Luis,Vera,Vendedor,Vendedor,0991000004,luis.vera@calzadotoapanta.com,Tenis juvenil rojo,Importado,Deportivo,38,Rojo,50.0,Importadora Oriental Shoes,China,Internacional,022345002,contacto@orientalshoes.com,3,150.0,Cliente frecuente 8%,8,12.0,20.7,158.7,107,104,Salida,Venta factura 1034,No,,,,No,,,
136,1034,2026-06-04,Minorista,2010000003,Ana,Torres,0930000003,ana.torres@gmail.com,Manabi,1988-04-04,1710000004,Luis,Vera,Vendedor,Vendedor,0991000004,luis.vera@calzadotoapanta.com,Zapato infantil luces,Importado,Infantil,30,Azul,42.0,Importadora Oriental Shoes,China,Internacional,022345002,contacto@orientalshoes.com,3,126.0,Cliente frecuente 8%,8,10.08,17.39,133.31,109,106,Salida,Venta factura 1034,No,,,,No,,,
137,1035,2026-06-05,Minorista,2110000004,Luis,Zambrano,0930000004,luis.zambrano@gmail.com,Tungurahua,1989-05-05,1710000005,Mateo,Paredes,Vendedor,Vendedor,0991000005,mateo.paredes@calzadotoapanta.com,Bota lluvia nino,Nacional,Infantil,31,Amarillo,32.0,Botas Sierra Norte,Ecuador,Nacional,022345007,info@botassierranorte.com,1,32.0,Promocion deportiva 12%,12,3.84,4.22,32.38,109,108,Salida,Venta factura 1035,No,,,,No,,,
138,1035,2026-06-05,Minorista,2110000004,Luis,Zambrano,0930000004,luis.zambrano@gmail.com,Tungurahua,1989-05-05,1710000005,Mateo,Paredes,Vendedor,Vendedor,0991000005,mateo.paredes@calzadotoapanta.com,Alpargata tradicional,Nacional,Casual,39,Blanco,26.0,Distribuidora Guayaquil Shoes,Ecuador,Nacional,022345004,ventas@guayaquilshoes.com,3,78.0,Promocion deportiva 12%,12,9.36,10.3,78.94,105,102,Salida,Venta factura 1035,No,,,,No,,,
139,1035,2026-06-05,Minorista,2110000004,Luis,Zambrano,0930000004,luis.zambrano@gmail.com,Tungurahua,1989-05-05,1710000005,Mateo,Paredes,Vendedor,Vendedor,0991000005,mateo.paredes@calzadotoapanta.com,Zapato ejecutivo cuero,Nacional,Formal,42,Cafe,90.0,Cuero Ecuador Cia. Ltda.,Ecuador,Nacional,022345003,info@cueroecuador.com,1,90.0,Promocion deportiva 12%,12,10.8,11.88,91.08,109,108,Salida,Venta factura 1035,No,,,,No,,,
140,1035,2026-06-05,Minorista,2110000004,Luis,Zambrano,0930000004,luis.zambrano@gmail.com,Tungurahua,1989-05-05,1710000005,Mateo,Paredes,Vendedor,Vendedor,0991000005,mateo.paredes@calzadotoapanta.com,Zapatilla training negra,Importado,Deportivo,41,Negro,59.0,SportStep Import,Peru,Internacional,022345008,contacto@sportstep.com,1,59.0,Promocion deportiva 12%,12,7.08,7.79,59.71,111,110,Salida,Venta factura 1035,No,,,,No,,,
141,1036,2026-06-06,Mayorista,2210000005,Andrea,Salazar,0930000005,andrea.salazar@gmail.com,Loja,1990-06-06,1710000006,Gabriela,Guerrero,Cajera,Cajero,0991000006,gabriela.guerrero@calzadotoapanta.com,Zapato escolar negro,Nacional,Escolar,36,Negro,35.0,Calzado Andino S.A.,Ecuador,Nacional,022345001,ventas@calzadoandino.com,5,175.0,Liquidacion 20%,20,35.0,21.0,161.0,77,72,Salida,Venta factura 1036,No,,,,No,,,
142,1036,2026-06-06,Mayorista,2210000005,Andrea,Salazar,0930000005,andrea.salazar@gmail.com,Loja,1990-06-06,1710000006,Gabriela,Guerrero,Cajera,Cajero,0991000006,gabriela.guerrero@calzadotoapanta.com,Zapato escolar cafe,Nacional,Escolar,37,Cafe,36.5,Calzado Andino S.A.,Ecuador,Nacional,022345001,ventas@calzadoandino.com,5,182.5,Liquidacion 20%,20,36.5,21.9,167.9,86,81,Salida,Venta factura 1036,No,,,,No,,,
143,1036,2026-06-06,Mayorista,2210000005,Andrea,Salazar,0930000005,andrea.salazar@gmail.com,Loja,1990-06-06,1710000006,Gabriela,Guerrero,Cajera,Cajero,0991000006,gabriela.guerrero@calzadotoapanta.com,Zapatilla deportiva blanca,Importado,Deportivo,38,Blanco,48.5,SportStep Import,Peru,Internacional,022345008,contacto@sportstep.com,5,242.5,Liquidacion 20%,20,48.5,29.1,223.1,78,73,Salida,Venta factura 1036,No,,,,No,,,
144,1036,2026-06-06,Mayorista,2210000005,Andrea,Salazar,0930000005,andrea.salazar@gmail.com,Loja,1990-06-06,1710000006,Gabriela,Guerrero,Cajera,Cajero,0991000006,gabriela.guerrero@calzadotoapanta.com,Zapatilla running azul,Importado,Deportivo,40,Azul,55.0,SportStep Import,Peru,Internacional,022345008,contacto@sportstep.com,3,165.0,Liquidacion 20%,20,33.0,19.8,151.8,86,83,Salida,Venta factura 1036,No,,,,No,,,
145,1037,2026-06-07,Minorista,2310000006,Pedro,Mena,0930000006,pedro.mena@gmail.com,Imbabura,1991-07-07,1710000007,Ricardo,Castro,Administrador,Administrador,0991000007,ricardo.castro@calzadotoapanta.com,Sandalia casual mujer,Nacional,Sandalias,36,Beige,28.0,Sandalias Costa Ecuador,Ecuador,Nacional,022345010,info@sandaliascosta.com,1,28.0,Cyber Monday 18%,18,5.04,3.44,26.4,107,106,Salida,Venta factura 1037,No,,,,No,,,
146,1037,2026-06-07,Minorista,2310000006,Pedro,Mena,0930000006,pedro.mena@gmail.com,Imbabura,1991-07-07,1710000007,Ricardo,Castro,Administrador,Administrador,0991000007,ricardo.castro@calzadotoapanta.com,Sandalia playera hombre,Nacional,Sandalias,41,Negro,25.0,Sandalias Costa Ecuador,Ecuador,Nacional,022345010,info@sandaliascosta.com,2,50.0,Cyber Monday 18%,18,9.0,6.15,47.15,108,106,Salida,Venta factura 1037,No,,,,No,,,
147,1037,2026-06-07,Minorista,2310000006,Pedro,Mena,0930000006,pedro.mena@gmail.com,Imbabura,1991-07-07,1710000007,Ricardo,Castro,Administrador,Administrador,0991000007,ricardo.castro@calzadotoapanta.com,Zapato formal hombre,Nacional,Formal,40,Negro,60.0,Cuero Ecuador Cia. Ltda.,Ecuador,Nacional,022345003,info@cueroecuador.com,1,60.0,Cyber Monday 18%,18,10.8,7.38,56.58,107,106,Salida,Venta factura 1037,No,,,,No,,,
148,1037,2026-06-07,Minorista,2310000006,Pedro,Mena,0930000006,pedro.mena@gmail.com,Imbabura,1991-07-07,1710000007,Ricardo,Castro,Administrador,Administrador,0991000007,ricardo.castro@calzadotoapanta.com,Zapato formal mujer,Importado,Formal,37,Rojo,62.0,Formal Shoes Premium,Brasil,Internacional,022345009,ventas@formalpremium.com,1,62.0,Cyber Monday 18%,18,11.16,7.63,58.47,107,106,Salida,Venta factura 1037,No,,,,No,,,
149,1038,2026-06-08,Minorista,1710000007,Camila,Vera,0930000007,camila.vera@gmail.com,El Oro,1992-08-08,1710000008,Paula,Reyes,Auditor Interno,Auditor,0991000008,paula.reyes@calzadotoapanta.com,Botin cuero cafe,Nacional,Botas,41,Cafe,75.0,Botas Sierra Norte,Ecuador,Nacional,022345007,info@botassierranorte.com,2,150.0,Descuento mayorista 10%,10,15.0,20.25,155.25,107,105,Salida,Venta factura 1038,No,,,,No,,,
150,1038,2026-06-08,Minorista,1710000007,Camila,Vera,0930000007,camila.vera@gmail.com,El Oro,1992-08-08,1710000008,Paula,Reyes,Auditor Interno,Auditor,0991000008,paula.reyes@calzadotoapanta.com,Bota industrial punta acero,Nacional,Industrial,42,Negro,85.0,Seguridad Total Shoes,Ecuador,Nacional,022345005,contacto@seguridadtotal.com,1,85.0,Descuento mayorista 10%,10,8.5,11.47,87.97,109,108,Salida,Venta factura 1038,No,,,,No,,,
151,1038,2026-06-08,Minorista,1710000007,Camila,Vera,0930000007,camila.vera@gmail.com,El Oro,1992-08-08,1710000008,Paula,Reyes,Auditor Interno,Auditor,0991000008,paula.reyes@calzadotoapanta.com,Mocasin hombre,Importado,Formal,40,Azul,58.0,Formal Shoes Premium,Brasil,Internacional,022345009,ventas@formalpremium.com,3,174.0,Descuento mayorista 10%,10,17.4,23.49,180.09,105,102,Salida,Venta factura 1038,No,,,,No,,,
152,1038,2026-06-08,Minorista,1710000007,Camila,Vera,0930000007,camila.vera@gmail.com,El Oro,1992-08-08,1710000008,Paula,Reyes,Auditor Interno,Auditor,0991000008,paula.reyes@calzadotoapanta.com,Tacon negro,Importado,Formal,36,Negro,65.0,Moda Latina Calzado,Colombia,Internacional,022345006,ventas@modalatina.com,2,130.0,Descuento mayorista 10%,10,13.0,17.55,134.55,108,106,Salida,Venta factura 1038,No,,,,No,,,
153,1039,2026-06-09,Minorista,1810000008,Jose,Cedeno,0930000008,jose.cedeno@gmail.com,Cotopaxi,1993-09-09,1710000009,Diego,Herrera,Encargado de Inventario,Administrador,0991000009,diego.herrera@calzadotoapanta.com,Botin mujer beige,Importado,Botas,37,Beige,72.0,Moda Latina Calzado,Colombia,Internacional,022345006,ventas@modalatina.com,2,144.0,Promocion sandalias 7%,7,10.08,20.09,154.01,108,106,Salida,Venta factura 1039,No,,,,No,,,
154,1039,2026-06-09,Minorista,1810000008,Jose,Cedeno,0930000008,jose.cedeno@gmail.com,Cotopaxi,1993-09-09,1710000009,Diego,Herrera,Encargado de Inventario,Administrador,0991000009,diego.herrera@calzadotoapanta.com,Zapato casual urbano,Nacional,Casual,39,Gris,45.0,Distribuidora Guayaquil Shoes,Ecuador,Nacional,022345004,ventas@guayaquilshoes.com,3,135.0,Promocion sandalias 7%,7,9.45,18.83,144.38,108,105,Salida,Venta factura 1039,No,,,,No,,,
155,1039,2026-06-09,Minorista,1810000008,Jose,Cedeno,0930000008,jose.cedeno@gmail.com,Cotopaxi,1993-09-09,1710000009,Diego,Herrera,Encargado de Inventario,Administrador,0991000009,diego.herrera@calzadotoapanta.com,Tenis juvenil rojo,Importado,Deportivo,38,Rojo,50.0,Importadora Oriental Shoes,China,Internacional,022345002,contacto@orientalshoes.com,2,100.0,Promocion sandalias 7%,7,7.0,13.95,106.95,104,102,Salida,Venta factura 1039,No,,,,No,,,
156,1039,2026-06-09,Minorista,1810000008,Jose,Cedeno,0930000008,jose.cedeno@gmail.com,Cotopaxi,1993-09-09,1710000009,Diego,Herrera,Encargado de Inventario,Administrador,0991000009,diego.herrera@calzadotoapanta.com,Zapato infantil luces,Importado,Infantil,30,Azul,42.0,Importadora Oriental Shoes,China,Internacional,022345002,contacto@orientalshoes.com,2,84.0,Promocion sandalias 7%,7,5.88,11.72,89.84,106,104,Salida,Venta factura 1039,No,,,,No,,,
157,1040,2026-06-10,Minorista,1910000009,Daniela,Paredes,0930000009,daniela.paredes@gmail.com,Chimborazo,1994-10-10,1710000010,Lucia,Morales,Vendedora,Vendedor,0991000010,lucia.morales@calzadotoapanta.com,Bota lluvia nino,Nacional,Infantil,31,Amarillo,32.0,Botas Sierra Norte,Ecuador,Nacional,022345007,info@botassierranorte.com,2,64.0,Temporada formal 5%,5,3.2,9.12,69.92,108,106,Salida,Venta factura 1040,No,,,,No,,,
158,1040,2026-06-10,Minorista,1910000009,Daniela,Paredes,0930000009,daniela.paredes@gmail.com,Chimborazo,1994-10-10,1710000010,Lucia,Morales,Vendedora,Vendedor,0991000010,lucia.morales@calzadotoapanta.com,Alpargata tradicional,Nacional,Casual,39,Blanco,26.0,Distribuidora Guayaquil Shoes,Ecuador,Nacional,022345004,ventas@guayaquilshoes.com,2,52.0,Temporada formal 5%,5,2.6,7.41,56.81,102,100,Salida,Venta factura 1040,No,,,,No,,,
159,1040,2026-06-10,Minorista,1910000009,Daniela,Paredes,0930000009,daniela.paredes@gmail.com,Chimborazo,1994-10-10,1710000010,Lucia,Morales,Vendedora,Vendedor,0991000010,lucia.morales@calzadotoapanta.com,Zapato ejecutivo cuero,Nacional,Formal,42,Cafe,90.0,Cuero Ecuador Cia. Ltda.,Ecuador,Nacional,022345003,info@cueroecuador.com,2,180.0,Temporada formal 5%,5,9.0,25.65,196.65,108,106,Salida,Venta factura 1040,No,,,,No,,,
160,1040,2026-06-10,Minorista,1910000009,Daniela,Paredes,0930000009,daniela.paredes@gmail.com,Chimborazo,1994-10-10,1710000010,Lucia,Morales,Vendedora,Vendedor,0991000010,lucia.morales@calzadotoapanta.com,Zapatilla training negra,Importado,Deportivo,41,Negro,59.0,SportStep Import,Peru,Internacional,022345008,contacto@sportstep.com,1,59.0,Temporada formal 5%,5,2.95,8.41,64.46,110,109,Salida,Venta factura 1040,No,,,,No,,,
161,1041,2026-06-11,Mayorista,2010000010,Miguel,Gomez,0930000010,miguel.gomez@gmail.com,Pichincha,1995-11-11,1710000001,Carlos,Mena,Vendedor,Vendedor,0991000001,carlos.mena@calzadotoapanta.com,Zapato escolar negro,Nacional,Escolar,36,Negro,35.0,Calzado Andino S.A.,Ecuador,Nacional,022345001,ventas@calzadoandino.com,8,280.0,Sin promocion,0,0.0,42.0,322.0,72,64,Salida,Venta factura 1041,No,,,,No,,,
162,1041,2026-06-11,Mayorista,2010000010,Miguel,Gomez,0930000010,miguel.gomez@gmail.com,Pichincha,1995-11-11,1710000001,Carlos,Mena,Vendedor,Vendedor,0991000001,carlos.mena@calzadotoapanta.com,Zapato escolar cafe,Nacional,Escolar,37,Cafe,36.5,Calzado Andino S.A.,Ecuador,Nacional,022345001,ventas@calzadoandino.com,3,109.5,Sin promocion,0,0.0,16.43,125.93,81,78,Salida,Venta factura 1041,No,,,,No,,,
163,1041,2026-06-11,Mayorista,2010000010,Miguel,Gomez,0930000010,miguel.gomez@gmail.com,Pichincha,1995-11-11,1710000001,Carlos,Mena,Vendedor,Vendedor,0991000001,carlos.mena@calzadotoapanta.com,Zapatilla deportiva blanca,Importado,Deportivo,38,Blanco,48.5,SportStep Import,Peru,Internacional,022345008,contacto@sportstep.com,8,388.0,Sin promocion,0,0.0,58.2,446.2,73,65,Salida,Venta factura 1041,No,,,,No,,,
164,1041,2026-06-11,Mayorista,2010000010,Miguel,Gomez,0930000010,miguel.gomez@gmail.com,Pichincha,1995-11-11,1710000001,Carlos,Mena,Vendedor,Vendedor,0991000001,carlos.mena@calzadotoapanta.com,Zapatilla running azul,Importado,Deportivo,40,Azul,55.0,SportStep Import,Peru,Internacional,022345008,contacto@sportstep.com,4,220.0,Sin promocion,0,0.0,33.0,253.0,83,79,Salida,Venta factura 1041,No,,,,No,,,
165,1042,2026-06-12,Minorista,2110000011,Sofia,Castro,0930000011,sofia.castro@gmail.com,Guayas,1996-12-12,1710000002,Ana,Torres,Cajera,Cajero,0991000002,ana.torres@calzadotoapanta.com,Sandalia casual mujer,Nacional,Sandalias,36,Beige,28.0,Sandalias Costa Ecuador,Ecuador,Nacional,022345010,info@sandaliascosta.com,3,84.0,Escolar 10%,10,8.4,11.34,86.94,106,103,Salida,Venta factura 1042,No,,,,No,,,
166,1042,2026-06-12,Minorista,2110000011,Sofia,Castro,0930000011,sofia.castro@gmail.com,Guayas,1996-12-12,1710000002,Ana,Torres,Cajera,Cajero,0991000002,ana.torres@calzadotoapanta.com,Sandalia playera hombre,Nacional,Sandalias,41,Negro,25.0,Sandalias Costa Ecuador,Ecuador,Nacional,022345010,info@sandaliascosta.com,3,75.0,Escolar 10%,10,7.5,10.12,77.62,106,103,Salida,Venta factura 1042,No,,,,No,,,
167,1042,2026-06-12,Minorista,2110000011,Sofia,Castro,0930000011,sofia.castro@gmail.com,Guayas,1996-12-12,1710000002,Ana,Torres,Cajera,Cajero,0991000002,ana.torres@calzadotoapanta.com,Zapato formal hombre,Nacional,Formal,40,Negro,60.0,Cuero Ecuador Cia. Ltda.,Ecuador,Nacional,022345003,info@cueroecuador.com,1,60.0,Escolar 10%,10,6.0,8.1,62.1,106,105,Salida,Venta factura 1042,No,,,,No,,,
168,1042,2026-06-12,Minorista,2110000011,Sofia,Castro,0930000011,sofia.castro@gmail.com,Guayas,1996-12-12,1710000002,Ana,Torres,Cajera,Cajero,0991000002,ana.torres@calzadotoapanta.com,Zapato formal mujer,Importado,Formal,37,Rojo,62.0,Formal Shoes Premium,Brasil,Internacional,022345009,ventas@formalpremium.com,3,186.0,Escolar 10%,10,18.6,25.11,192.51,106,103,Salida,Venta factura 1042,No,,,,No,,,
169,1043,2026-06-13,Minorista,2210000012,Jorge,Morales,0930000012,jorge.morales@gmail.com,Azuay,1997-01-13,1710000003,Andrea,Salazar,Gerente Comercial,Gerente,0991000003,andrea.salazar@calzadotoapanta.com,Botin cuero cafe,Nacional,Botas,41,Cafe,75.0,Botas Sierra Norte,Ecuador,Nacional,022345007,info@botassierranorte.com,2,150.0,Black Friday 15%,15,22.5,19.12,146.62,105,103,Salida,Venta factura 1043,No,,,,No,,,
170,1043,2026-06-13,Minorista,2210000012,Jorge,Morales,0930000012,jorge.morales@gmail.com,Azuay,1997-01-13,1710000003,Andrea,Salazar,Gerente Comercial,Gerente,0991000003,andrea.salazar@calzadotoapanta.com,Bota industrial punta acero,Nacional,Industrial,42,Negro,85.0,Seguridad Total Shoes,Ecuador,Nacional,022345005,contacto@seguridadtotal.com,1,85.0,Black Friday 15%,15,12.75,10.84,83.09,108,107,Salida,Venta factura 1043,No,,,,No,,,
171,1043,2026-06-13,Minorista,2210000012,Jorge,Morales,0930000012,jorge.morales@gmail.com,Azuay,1997-01-13,1710000003,Andrea,Salazar,Gerente Comercial,Gerente,0991000003,andrea.salazar@calzadotoapanta.com,Mocasin hombre,Importado,Formal,40,Azul,58.0,Formal Shoes Premium,Brasil,Internacional,022345009,ventas@formalpremium.com,1,58.0,Black Friday 15%,15,8.7,7.39,56.69,102,101,Salida,Venta factura 1043,No,,,,No,,,
172,1043,2026-06-13,Minorista,2210000012,Jorge,Morales,0930000012,jorge.morales@gmail.com,Azuay,1997-01-13,1710000003,Andrea,Salazar,Gerente Comercial,Gerente,0991000003,andrea.salazar@calzadotoapanta.com,Tacon negro,Importado,Formal,36,Negro,65.0,Moda Latina Calzado,Colombia,Internacional,022345006,ventas@modalatina.com,1,65.0,Black Friday 15%,15,9.75,8.29,63.54,106,105,Salida,Venta factura 1043,No,,,,No,,,
173,1044,2026-06-14,Minorista,2310000013,Valeria,Herrera,0930000013,valeria.herrera@gmail.com,Manabi,1998-02-14,1710000004,Luis,Vera,Vendedor,Vendedor,0991000004,luis.vera@calzadotoapanta.com,Botin mujer beige,Importado,Botas,37,Beige,72.0,Moda Latina Calzado,Colombia,Internacional,022345006,ventas@modalatina.com,1,72.0,Cliente frecuente 8%,8,5.76,9.94,76.18,106,105,Salida,Venta factura 1044,No,,,,No,,,
174,1044,2026-06-14,Minorista,2310000013,Valeria,Herrera,0930000013,valeria.herrera@gmail.com,Manabi,1998-02-14,1710000004,Luis,Vera,Vendedor,Vendedor,0991000004,luis.vera@calzadotoapanta.com,Zapato casual urbano,Nacional,Casual,39,Gris,45.0,Distribuidora Guayaquil Shoes,Ecuador,Nacional,022345004,ventas@guayaquilshoes.com,1,45.0,Cliente frecuente 8%,8,3.6,6.21,47.61,105,104,Salida,Venta factura 1044,No,,,,No,,,
175,1044,2026-06-14,Minorista,2310000013,Valeria,Herrera,0930000013,valeria.herrera@gmail.com,Manabi,1998-02-14,1710000004,Luis,Vera,Vendedor,Vendedor,0991000004,luis.vera@calzadotoapanta.com,Tenis juvenil rojo,Importado,Deportivo,38,Rojo,50.0,Importadora Oriental Shoes,China,Internacional,022345002,contacto@orientalshoes.com,1,50.0,Cliente frecuente 8%,8,4.0,6.9,52.9,102,101,Salida,Venta factura 1044,No,,,,No,,,
176,1044,2026-06-14,Minorista,2310000013,Valeria,Herrera,0930000013,valeria.herrera@gmail.com,Manabi,1998-02-14,1710000004,Luis,Vera,Vendedor,Vendedor,0991000004,luis.vera@calzadotoapanta.com,Zapato infantil luces,Importado,Infantil,30,Azul,42.0,Importadora Oriental Shoes,China,Internacional,022345002,contacto@orientalshoes.com,2,84.0,Cliente frecuente 8%,8,6.72,11.59,88.87,104,102,Salida,Venta factura 1044,No,,,,No,,,
177,1045,2026-06-15,Minorista,1710000014,Diego,Jimenez,0930000014,diego.jimenez@gmail.com,Tungurahua,1999-03-15,1710000005,Mateo,Paredes,Vendedor,Vendedor,0991000005,mateo.paredes@calzadotoapanta.com,Bota lluvia nino,Nacional,Infantil,31,Amarillo,32.0,Botas Sierra Norte,Ecuador,Nacional,022345007,info@botassierranorte.com,2,64.0,Promocion deportiva 12%,12,7.68,8.45,64.77,106,104,Salida,Venta factura 1045,No,,,,No,,,
178,1045,2026-06-15,Minorista,1710000014,Diego,Jimenez,0930000014,diego.jimenez@gmail.com,Tungurahua,1999-03-15,1710000005,Mateo,Paredes,Vendedor,Vendedor,0991000005,mateo.paredes@calzadotoapanta.com,Alpargata tradicional,Nacional,Casual,39,Blanco,26.0,Distribuidora Guayaquil Shoes,Ecuador,Nacional,022345004,ventas@guayaquilshoes.com,3,78.0,Promocion deportiva 12%,12,9.36,10.3,78.94,100,97,Salida,Venta factura 1045,No,,,,No,,,
179,1045,2026-06-15,Minorista,1710000014,Diego,Jimenez,0930000014,diego.jimenez@gmail.com,Tungurahua,1999-03-15,1710000005,Mateo,Paredes,Vendedor,Vendedor,0991000005,mateo.paredes@calzadotoapanta.com,Zapato ejecutivo cuero,Nacional,Formal,42,Cafe,90.0,Cuero Ecuador Cia. Ltda.,Ecuador,Nacional,022345003,info@cueroecuador.com,2,180.0,Promocion deportiva 12%,12,21.6,23.76,182.16,106,104,Salida,Venta factura 1045,No,,,,No,,,
180,1045,2026-06-15,Minorista,1710000014,Diego,Jimenez,0930000014,diego.jimenez@gmail.com,Tungurahua,1999-03-15,1710000005,Mateo,Paredes,Vendedor,Vendedor,0991000005,mateo.paredes@calzadotoapanta.com,Zapatilla training negra,Importado,Deportivo,41,Negro,59.0,SportStep Import,Peru,Internacional,022345008,contacto@sportstep.com,3,177.0,Promocion deportiva 12%,12,21.24,23.36,179.12,109,106,Salida,Venta factura 1045,No,,,,No,,,
181,1046,2026-06-16,Mayorista,1810000015,Gabriela,Guerrero,0930000015,gabriela.guerrero@gmail.com,Loja,2000-04-16,1710000006,Gabriela,Guerrero,Cajera,Cajero,0991000006,gabriela.guerrero@calzadotoapanta.com,Zapato escolar negro,Nacional,Escolar,36,Negro,35.0,Calzado Andino S.A.,Ecuador,Nacional,022345001,ventas@calzadoandino.com,3,105.0,Liquidacion 20%,20,21.0,12.6,96.6,64,61,Salida,Venta factura 1046,No,,,,No,,,
182,1046,2026-06-16,Mayorista,1810000015,Gabriela,Guerrero,0930000015,gabriela.guerrero@gmail.com,Loja,2000-04-16,1710000006,Gabriela,Guerrero,Cajera,Cajero,0991000006,gabriela.guerrero@calzadotoapanta.com,Zapato escolar cafe,Nacional,Escolar,37,Cafe,36.5,Calzado Andino S.A.,Ecuador,Nacional,022345001,ventas@calzadoandino.com,5,182.5,Liquidacion 20%,20,36.5,21.9,167.9,78,73,Salida,Venta factura 1046,No,,,,No,,,
183,1046,2026-06-16,Mayorista,1810000015,Gabriela,Guerrero,0930000015,gabriela.guerrero@gmail.com,Loja,2000-04-16,1710000006,Gabriela,Guerrero,Cajera,Cajero,0991000006,gabriela.guerrero@calzadotoapanta.com,Zapatilla deportiva blanca,Importado,Deportivo,38,Blanco,48.5,SportStep Import,Peru,Internacional,022345008,contacto@sportstep.com,8,388.0,Liquidacion 20%,20,77.6,46.56,356.96,65,57,Salida,Venta factura 1046,No,,,,No,,,
184,1046,2026-06-16,Mayorista,1810000015,Gabriela,Guerrero,0930000015,gabriela.guerrero@gmail.com,Loja,2000-04-16,1710000006,Gabriela,Guerrero,Cajera,Cajero,0991000006,gabriela.guerrero@calzadotoapanta.com,Zapatilla running azul,Importado,Deportivo,40,Azul,55.0,SportStep Import,Peru,Internacional,022345008,contacto@sportstep.com,3,165.0,Liquidacion 20%,20,33.0,19.8,151.8,79,76,Salida,Venta factura 1046,No,,,,No,,,
185,1047,2026-06-17,Minorista,1910000016,Ricardo,Ortega,0930000016,ricardo.ortega@gmail.com,Imbabura,2001-05-17,1710000007,Ricardo,Castro,Administrador,Administrador,0991000007,ricardo.castro@calzadotoapanta.com,Sandalia casual mujer,Nacional,Sandalias,36,Beige,28.0,Sandalias Costa Ecuador,Ecuador,Nacional,022345010,info@sandaliascosta.com,3,84.0,Cyber Monday 18%,18,15.12,10.33,79.21,103,100,Salida,Venta factura 1047,No,,,,No,,,
186,1047,2026-06-17,Minorista,1910000016,Ricardo,Ortega,0930000016,ricardo.ortega@gmail.com,Imbabura,2001-05-17,1710000007,Ricardo,Castro,Administrador,Administrador,0991000007,ricardo.castro@calzadotoapanta.com,Sandalia playera hombre,Nacional,Sandalias,41,Negro,25.0,Sandalias Costa Ecuador,Ecuador,Nacional,022345010,info@sandaliascosta.com,3,75.0,Cyber Monday 18%,18,13.5,9.22,70.72,103,100,Salida,Venta factura 1047,No,,,,No,,,
187,1047,2026-06-17,Minorista,1910000016,Ricardo,Ortega,0930000016,ricardo.ortega@gmail.com,Imbabura,2001-05-17,1710000007,Ricardo,Castro,Administrador,Administrador,0991000007,ricardo.castro@calzadotoapanta.com,Zapato formal hombre,Nacional,Formal,40,Negro,60.0,Cuero Ecuador Cia. Ltda.,Ecuador,Nacional,022345003,info@cueroecuador.com,2,120.0,Cyber Monday 18%,18,21.6,14.76,113.16,105,103,Salida,Venta factura 1047,No,,,,No,,,
188,1047,2026-06-17,Minorista,1910000016,Ricardo,Ortega,0930000016,ricardo.ortega@gmail.com,Imbabura,2001-05-17,1710000007,Ricardo,Castro,Administrador,Administrador,0991000007,ricardo.castro@calzadotoapanta.com,Zapato formal mujer,Importado,Formal,37,Rojo,62.0,Formal Shoes Premium,Brasil,Internacional,022345009,ventas@formalpremium.com,3,186.0,Cyber Monday 18%,18,33.48,22.88,175.4,103,100,Salida,Venta factura 1047,No,,,,No,,,
189,1048,2026-06-18,Minorista,2010000017,Paula,Reyes,0930000017,paula.reyes@gmail.com,El Oro,2002-06-18,1710000008,Paula,Reyes,Auditor Interno,Auditor,0991000008,paula.reyes@calzadotoapanta.com,Botin cuero cafe,Nacional,Botas,41,Cafe,75.0,Botas Sierra Norte,Ecuador,Nacional,022345007,info@botassierranorte.com,3,225.0,Descuento mayorista 10%,10,22.5,30.38,232.88,103,100,Salida,Venta factura 1048,No,,,,No,,,
190,1048,2026-06-18,Minorista,2010000017,Paula,Reyes,0930000017,paula.reyes@gmail.com,El Oro,2002-06-18,1710000008,Paula,Reyes,Auditor Interno,Auditor,0991000008,paula.reyes@calzadotoapanta.com,Bota industrial punta acero,Nacional,Industrial,42,Negro,85.0,Seguridad Total Shoes,Ecuador,Nacional,022345005,contacto@seguridadtotal.com,2,170.0,Descuento mayorista 10%,10,17.0,22.95,175.95,107,105,Salida,Venta factura 1048,No,,,,No,,,
191,1048,2026-06-18,Minorista,2010000017,Paula,Reyes,0930000017,paula.reyes@gmail.com,El Oro,2002-06-18,1710000008,Paula,Reyes,Auditor Interno,Auditor,0991000008,paula.reyes@calzadotoapanta.com,Mocasin hombre,Importado,Formal,40,Azul,58.0,Formal Shoes Premium,Brasil,Internacional,022345009,ventas@formalpremium.com,2,116.0,Descuento mayorista 10%,10,11.6,15.66,120.06,101,99,Salida,Venta factura 1048,No,,,,No,,,
192,1048,2026-06-18,Minorista,2010000017,Paula,Reyes,0930000017,paula.reyes@gmail.com,El Oro,2002-06-18,1710000008,Paula,Reyes,Auditor Interno,Auditor,0991000008,paula.reyes@calzadotoapanta.com,Tacon negro,Importado,Formal,36,Negro,65.0,Moda Latina Calzado,Colombia,Internacional,022345006,ventas@modalatina.com,1,65.0,Descuento mayorista 10%,10,6.5,8.78,67.28,105,104,Salida,Venta factura 1048,No,,,,No,,,
193,1049,2026-06-19,Minorista,2110000018,Mateo,Toapanta,0930000018,mateo.toapanta@gmail.com,Cotopaxi,1985-07-19,1710000009,Diego,Herrera,Encargado de Inventario,Administrador,0991000009,diego.herrera@calzadotoapanta.com,Botin mujer beige,Importado,Botas,37,Beige,72.0,Moda Latina Calzado,Colombia,Internacional,022345006,ventas@modalatina.com,3,216.0,Promocion sandalias 7%,7,15.12,30.13,231.01,105,102,Salida,Venta factura 1049,No,,,,No,,,
194,1049,2026-06-19,Minorista,2110000018,Mateo,Toapanta,0930000018,mateo.toapanta@gmail.com,Cotopaxi,1985-07-19,1710000009,Diego,Herrera,Encargado de Inventario,Administrador,0991000009,diego.herrera@calzadotoapanta.com,Zapato casual urbano,Nacional,Casual,39,Gris,45.0,Distribuidora Guayaquil Shoes,Ecuador,Nacional,022345004,ventas@guayaquilshoes.com,3,135.0,Promocion sandalias 7%,7,9.45,18.83,144.38,104,101,Salida,Venta factura 1049,No,,,,No,,,
195,1049,2026-06-19,Minorista,2110000018,Mateo,Toapanta,0930000018,mateo.toapanta@gmail.com,Cotopaxi,1985-07-19,1710000009,Diego,Herrera,Encargado de Inventario,Administrador,0991000009,diego.herrera@calzadotoapanta.com,Tenis juvenil rojo,Importado,Deportivo,38,Rojo,50.0,Importadora Oriental Shoes,China,Internacional,022345002,contacto@orientalshoes.com,2,100.0,Promocion sandalias 7%,7,7.0,13.95,106.95,101,99,Salida,Venta factura 1049,No,,,,No,,,
196,1049,2026-06-19,Minorista,2110000018,Mateo,Toapanta,0930000018,mateo.toapanta@gmail.com,Cotopaxi,1985-07-19,1710000009,Diego,Herrera,Encargado de Inventario,Administrador,0991000009,diego.herrera@calzadotoapanta.com,Zapato infantil luces,Importado,Infantil,30,Azul,42.0,Importadora Oriental Shoes,China,Internacional,022345002,contacto@orientalshoes.com,2,84.0,Promocion sandalias 7%,7,5.88,11.72,89.84,102,100,Salida,Venta factura 1049,No,,,,No,,,
197,1050,2026-06-20,Minorista,2210000019,Diana,Nunez,0930000019,diana.nunez@gmail.com,Chimborazo,1986-08-20,1710000010,Lucia,Morales,Vendedora,Vendedor,0991000010,lucia.morales@calzadotoapanta.com,Bota lluvia nino,Nacional,Infantil,31,Amarillo,32.0,Botas Sierra Norte,Ecuador,Nacional,022345007,info@botassierranorte.com,1,32.0,Temporada formal 5%,5,1.6,4.56,34.96,104,103,Salida,Venta factura 1050,No,,,,No,,,
198,1050,2026-06-20,Minorista,2210000019,Diana,Nunez,0930000019,diana.nunez@gmail.com,Chimborazo,1986-08-20,1710000010,Lucia,Morales,Vendedora,Vendedor,0991000010,lucia.morales@calzadotoapanta.com,Alpargata tradicional,Nacional,Casual,39,Blanco,26.0,Distribuidora Guayaquil Shoes,Ecuador,Nacional,022345004,ventas@guayaquilshoes.com,3,78.0,Temporada formal 5%,5,3.9,11.11,85.21,97,94,Salida,Venta factura 1050,No,,,,No,,,
199,1050,2026-06-20,Minorista,2210000019,Diana,Nunez,0930000019,diana.nunez@gmail.com,Chimborazo,1986-08-20,1710000010,Lucia,Morales,Vendedora,Vendedor,0991000010,lucia.morales@calzadotoapanta.com,Zapato ejecutivo cuero,Nacional,Formal,42,Cafe,90.0,Cuero Ecuador Cia. Ltda.,Ecuador,Nacional,022345003,info@cueroecuador.com,3,270.0,Temporada formal 5%,5,13.5,38.48,294.98,104,101,Salida,Venta factura 1050,No,,,,No,,,
200,1050,2026-06-20,Minorista,2210000019,Diana,Nunez,0930000019,diana.nunez@gmail.com,Chimborazo,1986-08-20,1710000010,Lucia,Morales,Vendedora,Vendedor,0991000010,lucia.morales@calzadotoapanta.com,Zapatilla training negra,Importado,Deportivo,41,Negro,59.0,SportStep Import,Peru,Internacional,022345008,contacto@sportstep.com,3,177.0,Temporada formal 5%,5,8.85,25.22,193.37,106,103,Salida,Venta factura 1050,No,,,,No,,,
